player,pos,age,tm,g,mp,fg,fg%,3p,3p%,2p,2p%,efg%,ft,ft%,orb,drb,trb,ast,stl,blk,tov,pf,pts,division
Precious Achiuwa,C,23,TOR,38,23.3,3.9,0.482,0.5,0.26,3.4,0.557,0.515,1.9,0.689,2.0,4.6,6.6,1.0,0.6,0.7,1.2,2.1,10.2,atlantico
Steven Adams,C,29,MEM,42,27.0,3.7,0.597,0.0,0.0,3.7,0.599,0.597,1.1,0.364,5.1,6.5,11.5,2.3,0.9,1.1,1.9,2.3,8.6,sudoeste
Bam Adebayo,C,25,MIA,57,35.0,8.4,0.536,0.0,0.083,8.4,0.543,0.537,4.4,0.8,2.6,7.2,9.8,3.2,1.2,0.8,2.5,2.8,21.2,sudeste
Ochai Agbaji,SG,22,UTA,39,15.6,1.8,0.483,0.9,0.396,0.9,0.621,0.604,0.4,0.682,0.7,1.1,1.8,0.6,0.2,0.1,0.3,1.4,5.0,noroeste
Santi Aldama,PF,22,MEM,56,22.0,3.3,0.474,1.4,0.364,2.0,0.601,0.571,1.4,0.729,1.0,3.6,4.6,1.2,0.7,0.7,0.7,1.9,9.4,sudoeste
Nickeil Alexander-Walker,SG,24,TOT,40,14.5,2.3,0.479,1.0,0.412,1.3,0.546,0.582,0.7,0.675,0.3,1.4,1.7,2.0,0.6,0.4,1.2,1.5,6.3,atlantico
Nickeil Alexander-Walker,SG,24,UTA,36,14.7,2.3,0.488,1.0,0.402,1.3,0.578,0.591,0.8,0.692,0.2,1.4,1.6,2.1,0.7,0.4,1.3,1.6,6.3,noroeste
Nickeil Alexander-Walker,SG,24,MIN,4,13.0,2.5,0.417,1.3,0.5,1.3,0.357,0.521,0.0,0.0,0.5,1.5,2.0,0.5,0.3,0.5,1.0,0.8,6.3,noroeste
Grayson Allen,SG,27,MIL,56,27.6,3.4,0.44,2.0,0.404,1.4,0.503,0.569,1.7,0.906,0.9,2.5,3.4,2.4,0.8,0.2,1.1,1.6,10.5,central
Jarrett Allen,C,24,CLE,57,33.2,6.2,0.654,0.0,0.111,6.2,0.664,0.655,2.5,0.733,3.2,6.7,9.9,1.6,0.8,1.2,1.5,2.2,14.8,central
Jose Alvarado,PG,24,NOP,61,21.5,3.3,0.411,1.4,0.336,1.9,0.488,0.496,1.1,0.813,0.5,1.9,2.3,3.0,1.1,0.2,1.3,2.0,9.0,sudoeste
Kyle Anderson,PF,29,MIN,50,26.2,3.2,0.503,0.6,0.423,2.6,0.527,0.551,1.7,0.764,0.8,4.1,4.8,4.1,1.1,0.9,1.4,2.1,8.6,noroeste
Giannis Antetokounmpo,PF,28,MIL,48,32.5,11.1,0.538,0.8,0.27,10.3,0.583,0.557,8.2,0.646,2.3,9.7,12.0,5.4,0.8,0.8,3.9,3.3,31.3,central
Thanasis Antetokounmpo,SF,30,MIL,26,4.1,0.2,0.25,0.0,0.0,0.2,0.313,0.25,0.2,0.5,0.3,0.7,1.0,0.2,0.1,0.1,0.3,0.5,0.5,central
Cole Anthony,PG,22,ORL,42,24.7,4.1,0.435,1.1,0.333,3.0,0.488,0.492,2.5,0.89,0.6,3.9,4.5,4.1,0.6,0.6,1.5,2.5,11.8,sudeste
OG Anunoby,SF,25,TOR,48,35.8,6.1,0.453,1.8,0.356,4.3,0.514,0.522,2.4,0.825,1.4,3.9,5.4,2.0,2.0,0.8,2.1,3.0,16.4,atlantico
Ryan Arcidiacono,PG,28,TOT,14,4.9,0.3,0.286,0.3,0.444,0.0,0.0,0.429,0.0,0.7460646853146854,0.0,0.7,0.7,0.6,0.1,0.0,0.2,0.4,0.9,atlantico
Ryan Arcidiacono,PG,28,NYK,11,2.4,0.1,0.2,0.1,0.333,0.0,0.0,0.3,0.0,0.7460646853146854,0.0,0.4,0.4,0.2,0.2,0.0,0.1,0.3,0.3,atlantico
Ryan Arcidiacono,PG,28,POR,3,14.3,1.0,0.333,1.0,0.5,0.0,0.0,0.5,0.0,0.7460646853146854,0.0,2.0,2.0,2.0,0.0,0.0,0.7,1.0,3.0,noroeste
Deni Avdija,SF,22,WAS,58,26.3,3.3,0.439,0.9,0.294,2.4,0.539,0.499,1.7,0.752,1.0,5.2,6.2,2.6,0.9,0.5,1.5,2.9,9.1,sudeste
Deandre Ayton,C,24,PHO,53,30.3,8.2,0.591,0.1,0.304,8.0,0.6,0.595,2.2,0.739,2.8,7.3,10.1,2.0,0.6,0.8,1.9,2.8,18.7,pacifico
Udoka Azubuike,C,23,UTA,25,5.8,0.9,0.852,0.0,0.3302053872053872,0.9,0.852,0.852,0.1,0.333,0.6,1.6,2.2,0.2,0.2,0.2,0.4,0.5,1.9,noroeste
Marvin Bagley III,C,23,DET,27,21.6,4.7,0.538,0.3,0.243,4.4,0.593,0.557,1.6,0.698,2.5,4.1,6.6,0.6,0.5,0.7,0.9,2.0,11.4,central
Patrick Baldwin Jr.,SF,20,GSW,19,8.8,1.9,0.45,1.5,0.468,0.4,0.389,0.631,0.2,0.667,0.1,1.5,1.5,0.2,0.3,0.1,0.4,0.4,5.5,pacifico
LaMelo Ball,PG,21,CHO,36,35.2,8.2,0.411,4.0,0.376,4.2,0.45,0.51,2.8,0.836,1.2,5.3,6.4,8.4,1.3,0.3,3.6,3.3,23.3,sudeste
Mo Bamba,C,24,TOT,43,16.9,2.6,0.485,1.0,0.385,1.5,0.591,0.584,0.9,0.661,1.1,3.7,4.8,1.0,0.3,1.0,0.6,2.3,7.1,atlantico
Mo Bamba,C,24,ORL,40,17.0,2.7,0.495,1.1,0.398,1.6,0.594,0.596,0.9,0.686,1.2,3.4,4.6,1.1,0.3,1.0,0.6,2.2,7.3,sudeste
Mo Bamba,C,24,LAL,3,14.7,1.3,0.308,0.7,0.222,0.7,0.5,0.385,1.3,0.5,0.7,6.7,7.3,0.7,0.0,1.0,1.0,3.7,4.7,pacifico
Paolo Banchero,PF,20,ORL,55,33.7,6.5,0.421,1.1,0.274,5.4,0.474,0.457,5.7,0.754,1.2,5.5,6.6,3.6,0.9,0.5,2.7,2.2,19.9,sudeste
Desmond Bane,SG,24,MEM,37,31.1,7.5,0.463,3.0,0.416,4.5,0.502,0.556,3.3,0.904,0.7,4.2,5.0,4.1,1.0,0.4,2.2,2.4,21.3,sudoeste
Dalano Banton,PG,23,TOR,27,9.3,1.7,0.411,0.5,0.283,1.2,0.5,0.469,0.6,0.789,0.3,1.0,1.3,1.1,0.5,0.4,0.6,1.1,4.4,atlantico
Dominick Barlow,SF,19,SAS,11,10.1,1.3,0.538,0.0,0.0,1.3,0.636,0.538,0.8,0.9,1.3,1.3,2.5,0.6,0.2,0.2,0.5,1.9,3.4,sudoeste
Harrison Barnes,PF,30,SAC,60,32.6,4.5,0.469,1.6,0.37,2.9,0.553,0.554,4.1,0.836,1.0,3.6,4.6,1.6,0.8,0.1,1.1,1.3,14.7,pacifico
Scottie Barnes,PF,21,TOR,59,35.3,6.0,0.453,0.9,0.301,5.1,0.499,0.488,2.6,0.769,2.3,4.7,7.0,4.8,1.0,0.9,2.1,2.2,15.5,atlantico
RJ Barrett,SG,22,NYK,56,34.1,6.9,0.429,1.8,0.33,5.1,0.479,0.484,4.0,0.753,0.9,4.3,5.2,2.8,0.5,0.2,2.3,2.6,19.5,atlantico
Will Barton,SG,32,WAS,40,19.6,2.8,0.387,1.3,0.38,1.5,0.395,0.479,0.9,0.778,0.3,2.5,2.8,2.4,0.4,0.3,1.1,1.0,7.7,sudeste
Charles Bassey,C,22,SAS,28,13.9,2.2,0.642,0.1,0.429,2.1,0.659,0.658,0.7,0.655,2.1,3.4,5.5,1.3,0.4,0.9,1.1,2.1,5.1,sudoeste
Keita Bates-Diop,SF,27,SAS,47,20.6,3.1,0.492,0.6,0.364,2.5,0.536,0.538,1.4,0.791,1.0,2.4,3.4,1.2,0.7,0.3,0.8,1.0,8.3,sudoeste
Nicolas Batum,PF,34,LAC,59,22.0,2.1,0.418,1.6,0.384,0.5,0.564,0.574,0.5,0.667,0.9,3.3,4.2,1.5,0.6,0.7,0.7,2.0,6.3,pacifico
Darius Bazley,PF,22,OKC,36,15.4,2.0,0.449,0.5,0.4,1.5,0.469,0.506,1.0,0.554,0.8,2.6,3.4,0.9,0.5,0.8,0.6,1.0,5.4,noroeste
Bradley Beal,SG,29,WAS,38,33.0,8.7,0.515,1.7,0.371,6.9,0.569,0.566,3.7,0.839,0.8,2.8,3.6,5.3,0.9,0.7,2.8,1.9,22.7,sudeste
Malik Beasley,SG,26,TOT,60,26.6,4.8,0.396,3.1,0.359,1.7,0.484,0.523,0.6,0.787,0.5,3.1,3.5,1.7,0.9,0.1,1.1,1.5,13.4,atlantico
Malik Beasley,SG,26,UTA,55,26.8,4.8,0.396,3.1,0.359,1.7,0.485,0.522,0.7,0.841,0.5,3.1,3.6,1.7,0.8,0.1,1.1,1.4,13.4,noroeste
Malik Beasley,SG,26,LAL,5,24.2,5.0,0.391,3.4,0.362,1.6,0.471,0.523,0.0,0.0,0.0,2.6,2.6,1.6,1.8,0.0,1.4,2.4,13.4,pacifico
MarJon Beauchamp,SF,22,MIL,39,14.6,2.1,0.396,1.0,0.319,1.1,0.506,0.49,0.5,0.724,0.9,1.5,2.4,0.7,0.5,0.1,0.9,1.5,5.6,central
DÄvis BertÄns,PF,30,DAL,34,10.6,1.4,0.423,1.1,0.381,0.3,0.714,0.59,0.3,0.833,0.2,0.8,0.9,0.4,0.2,0.1,0.3,1.1,4.1,sudoeste
Patrick Beverley,PG,34,TOT,47,26.8,2.1,0.398,1.2,0.341,0.9,0.506,0.51,0.9,0.764,0.6,2.6,3.2,2.6,0.9,0.6,0.9,2.7,6.3,atlantico
Patrick Beverley,PG,34,LAL,45,26.9,2.2,0.402,1.2,0.348,0.9,0.506,0.517,0.9,0.78,0.5,2.6,3.1,2.6,0.9,0.6,0.9,2.8,6.4,pacifico
Patrick Beverley,PG,34,CHI,2,24.0,1.0,0.25,0.5,0.167,0.5,0.5,0.313,1.5,0.6,1.0,4.0,5.0,2.5,0.0,0.5,1.0,2.5,4.0,central
Saddiq Bey,SF,23,TOT,56,28.6,4.6,0.407,2.0,0.358,2.6,0.454,0.494,3.3,0.863,1.1,3.5,4.6,1.5,0.9,0.2,1.0,1.6,14.5,atlantico
Saddiq Bey,SF,23,DET,52,28.8,4.7,0.404,1.9,0.345,2.8,0.46,0.488,3.5,0.861,1.1,3.5,4.7,1.6,1.0,0.2,1.0,1.7,14.8,central
Saddiq Bey,SF,23,ATL,4,24.8,3.3,0.464,2.5,0.588,0.8,0.273,0.643,0.8,1.0,1.3,3.3,4.5,0.5,0.5,0.3,1.0,1.3,9.8,sudeste
Khem Birch,C,30,TOR,20,8.1,1.0,0.594,0.1,0.5,0.9,0.6,0.609,0.2,0.8,0.4,0.9,1.3,0.4,0.3,0.3,0.4,1.2,2.2,atlantico
Goga Bitadze,C,23,TOT,22,9.6,1.3,0.527,0.2,0.333,1.1,0.6,0.573,0.5,0.48,1.2,1.3,2.5,0.9,0.4,0.5,0.5,1.6,3.4,atlantico
Goga Bitadze,C,23,IND,21,9.6,1.3,0.519,0.2,0.286,1.1,0.605,0.558,0.5,0.458,1.2,1.1,2.3,0.9,0.4,0.5,0.6,1.6,3.3,central
Goga Bitadze,C,23,ORL,1,9.0,2.0,0.667,1.0,1.0,1.0,0.5,0.833,1.0,1.0,1.0,5.0,6.0,1.0,0.0,0.0,0.0,1.0,6.0,sudeste
Bismack Biyombo,C,30,PHO,46,14.0,1.7,0.572,0.0,0.3302053872053872,1.7,0.572,0.572,0.3,0.314,1.1,3.0,4.1,0.9,0.3,1.3,0.9,1.8,3.8,pacifico
Bogdan BogdanoviÄ‡,SG,30,ATL,36,29.6,5.4,0.437,2.8,0.394,2.6,0.495,0.55,1.1,0.78,0.4,3.0,3.4,3.0,0.9,0.3,1.3,1.7,14.6,sudeste
Bojan BogdanoviÄ‡,PF,33,DET,58,31.9,7.2,0.487,2.4,0.402,4.9,0.542,0.566,4.6,0.883,0.6,3.2,3.7,2.6,0.6,0.1,2.3,1.9,21.4,central
Bol Bol,PF,23,ORL,57,22.9,4.2,0.577,0.5,0.322,3.7,0.645,0.611,1.2,0.745,1.1,4.9,6.1,0.8,0.4,1.3,1.7,1.3,10.0,sudeste
Leandro Bolmaro,SG,22,UTA,14,4.9,0.2,0.15,0.0,0.0,0.2,0.188,0.15,0.0,0.7460646853146854,0.3,0.2,0.5,0.5,0.2,0.1,0.5,0.7,0.4,noroeste
Devin Booker,SG,26,PHO,35,34.1,9.5,0.473,2.1,0.347,7.4,0.529,0.526,5.3,0.841,0.8,3.8,4.6,5.7,0.8,0.3,2.5,2.8,26.5,pacifico
Brandon Boston Jr.,SG,21,LAC,21,11.8,2.4,0.421,0.6,0.414,1.9,0.424,0.471,1.4,0.763,0.3,1.0,1.4,0.9,0.4,0.0,0.6,1.0,6.8,pacifico
Chris Boucher,PF,30,TOR,56,20.8,3.5,0.489,0.8,0.315,2.7,0.585,0.545,1.9,0.739,2.2,3.7,5.9,0.4,0.7,0.9,0.5,2.0,9.7,atlantico
James Bouknight,SG,22,CHO,26,13.6,1.5,0.328,0.6,0.25,0.9,0.414,0.393,0.6,0.682,0.2,1.8,2.0,1.1,0.5,0.2,0.7,1.1,4.3,sudeste
Jamaree Bouyea,PG,23,MIA,4,16.3,1.5,0.462,0.5,0.4,1.0,0.5,0.538,0.3,0.5,0.3,1.0,1.3,1.0,1.0,0.5,1.0,1.3,3.8,sudeste
Tony Bradley,C,25,CHI,12,2.8,0.5,0.5,0.3,0.6,0.3,0.429,0.625,0.3,1.0,0.1,0.8,0.9,0.1,0.1,0.1,0.1,0.2,1.6,central
Malaki Branham,SF,19,SAS,47,22.4,3.7,0.446,1.2,0.314,2.6,0.55,0.515,0.8,0.792,0.4,1.8,2.2,2.0,0.5,0.1,1.1,1.7,9.5,sudoeste
Christian Braun,SG,21,DEN,57,15.2,1.8,0.5,0.4,0.391,1.3,0.551,0.563,0.4,0.585,0.7,1.7,2.4,0.8,0.5,0.2,0.5,1.2,4.4,noroeste
Mikal Bridges,SF,26,TOT,61,36.1,6.4,0.468,1.9,0.395,4.6,0.505,0.535,2.9,0.899,1.0,3.4,4.5,3.5,1.2,0.8,1.4,2.0,17.7,atlantico
Mikal Bridges,SF,26,PHO,56,36.4,6.3,0.463,1.8,0.387,4.5,0.503,0.529,2.8,0.897,1.0,3.3,4.3,3.6,1.2,0.8,1.4,2.1,17.2,pacifico
Mikal Bridges,SF,26,BRK,5,32.6,7.8,0.513,2.4,0.48,5.4,0.529,0.592,4.4,0.917,1.4,4.6,6.0,2.8,1.2,1.0,1.8,2.0,22.4,atlantico
Oshae Brissett,SF,24,IND,49,16.0,1.7,0.388,0.8,0.333,0.9,0.451,0.477,1.2,0.693,0.9,2.5,3.4,0.5,0.6,0.2,0.4,1.3,5.5,central
Malcolm Brogdon,PG,30,BOS,53,25.5,5.2,0.49,2.1,0.464,3.2,0.509,0.587,2.4,0.887,0.6,3.5,4.2,3.7,0.6,0.3,1.6,1.6,14.8,atlantico
Dillon Brooks,SF,27,MEM,54,30.4,5.5,0.392,1.8,0.313,3.7,0.447,0.456,1.8,0.795,0.6,2.6,3.3,2.5,0.8,0.2,1.5,3.3,14.6,sudoeste
Bruce Brown,SG,26,DEN,61,28.6,4.4,0.485,1.3,0.38,3.1,0.55,0.557,1.1,0.722,0.7,3.2,3.9,3.6,1.0,0.6,1.6,2.4,11.1,noroeste
Greg Brown III,PF,21,POR,16,5.8,0.7,0.393,0.1,0.143,0.6,0.476,0.411,0.3,0.417,0.1,1.1,1.2,0.2,0.3,0.3,0.4,0.8,1.8,noroeste
Jaylen Brown,SF,26,BOS,50,35.7,9.9,0.486,2.5,0.336,7.4,0.574,0.548,4.3,0.777,1.3,5.8,7.0,3.2,1.1,0.4,3.1,2.7,26.5,atlantico
Kendall Brown,SG,19,IND,6,6.7,0.7,0.571,0.0,0.0,0.7,0.667,0.571,0.2,0.5,0.3,0.7,1.0,0.5,0.7,0.0,0.3,1.5,1.5,central
Moses Brown,C,23,LAC,34,8.5,1.8,0.635,0.0,0.3302053872053872,1.8,0.635,0.635,1.0,0.458,1.7,2.4,4.1,0.1,0.1,0.4,0.4,1.1,4.6,pacifico
Sterling Brown,SG,27,LAL,4,6.0,0.0,0.0,0.0,0.0,0.0,0.0,0.0,0.0,0.7460646853146854,0.8,1.3,2.0,0.5,0.8,0.0,0.0,1.0,0.0,pacifico
Troy Brown Jr.,SF,23,LAL,55,23.9,2.6,0.434,1.3,0.361,1.4,0.532,0.538,0.5,0.963,0.9,3.3,4.2,1.1,0.7,0.1,0.7,1.5,7.0,pacifico
Jalen Brunson,PG,26,NYK,59,35.2,8.4,0.479,1.8,0.401,6.5,0.507,0.531,4.9,0.834,0.6,3.0,3.6,6.2,0.9,0.3,2.0,2.3,23.6,atlantico
Thomas Bryant,C,25,TOT,47,20.2,4.4,0.64,0.5,0.431,3.9,0.679,0.674,1.9,0.739,1.6,4.9,6.4,0.6,0.3,0.6,0.7,1.8,11.1,atlantico
Thomas Bryant,C,25,LAL,41,21.4,4.8,0.654,0.5,0.44,4.3,0.697,0.691,2.0,0.741,1.6,5.2,6.8,0.7,0.3,0.6,0.7,1.9,12.1,pacifico
Thomas Bryant,C,25,DEN,6,12.3,1.5,0.429,0.0,0.0,1.5,0.45,0.429,1.3,0.727,1.3,2.7,4.0,0.0,0.2,0.5,1.0,1.5,4.3,noroeste
Reggie Bullock,SF,31,DAL,60,30.3,2.3,0.397,1.9,0.375,0.5,0.519,0.556,0.4,0.686,0.5,3.0,3.5,1.4,0.8,0.2,0.5,2.3,6.9,sudoeste
Alec Burks,SG,31,DET,49,22.1,4.0,0.441,1.9,0.42,2.0,0.463,0.548,3.0,0.816,0.4,2.7,3.0,2.2,0.7,0.1,1.1,1.9,12.8,central
Deonte Burton,SG,29,SAC,2,3.0,0.0,0.0,0.0,0.0,0.0,0.0,0.0,0.0,0.7460646853146854,0.0,0.0,0.0,0.0,0.0,0.0,0.0,0.0,0.0,pacifico
Jimmy Butler,SF,33,MIA,47,33.4,7.2,0.518,0.5,0.321,6.7,0.544,0.537,6.9,0.844,2.2,3.7,5.9,5.1,2.0,0.3,1.7,1.3,21.9,sudeste
John Butler,C,20,POR,9,3.3,0.1,0.2,0.0,0.0,0.1,1.0,0.2,0.0,0.7460646853146854,0.1,0.1,0.2,0.1,0.1,0.3,0.0,0.2,0.2,noroeste
Jamal Cain,SF,23,MIA,14,13.3,1.9,0.52,0.1,0.167,1.7,0.632,0.54,0.9,0.75,0.9,1.9,2.8,0.6,0.6,0.0,0.3,1.1,4.7,sudeste
Kentavious Caldwell-Pope,SG,29,DEN,59,31.5,4.1,0.48,1.9,0.452,2.1,0.508,0.594,1.4,0.842,0.5,2.4,2.9,2.3,1.4,0.5,1.2,2.1,11.4,noroeste
Facundo Campazzo,PG,31,DAL,8,6.5,0.4,0.231,0.4,0.273,0.0,0.0,0.346,0.1,0.5,0.0,0.3,0.3,1.1,0.8,0.0,0.4,0.4,1.3,sudoeste
Vlatko ÄŒanÄar,PF,25,DEN,47,16.3,2.1,0.497,0.9,0.412,1.3,0.578,0.598,0.6,0.935,0.5,1.9,2.3,1.5,0.4,0.3,0.7,1.6,5.7,noroeste
Clint Capela,C,28,ATL,45,26.6,5.4,0.624,0.0,0.0,5.4,0.626,0.624,1.1,0.593,4.2,7.0,11.2,0.8,0.7,1.2,0.8,2.2,12.0,sudeste
Vernon Carey Jr.,C,21,WAS,11,2.5,0.2,0.25,0.0,0.3302053872053872,0.2,0.25,0.25,0.2,1.0,0.3,0.7,1.0,0.3,0.2,0.2,0.2,0.5,0.5,sudeste
Jevon Carter,PG,27,MIL,60,22.7,2.8,0.422,1.6,0.403,1.3,0.449,0.539,0.4,0.781,0.4,2.2,2.7,2.5,1.0,0.4,1.1,2.0,7.6,central
Wendell Carter Jr.,C,23,ORL,42,29.7,5.5,0.517,1.2,0.34,4.3,0.605,0.573,2.8,0.739,2.2,6.6,8.7,2.5,0.4,0.6,2.2,3.0,15.0,sudeste
Alex Caruso,PG,28,CHI,51,24.2,1.9,0.442,0.8,0.375,1.1,0.514,0.539,0.9,0.793,0.6,2.5,3.1,3.2,1.6,0.6,1.3,2.5,5.5,central
Julian Champagnie,SF,21,PHI,2,3.5,0.0,0.0,0.0,0.0,0.0,0.0,0.0,0.0,0.7460646853146854,0.0,0.0,0.0,0.0,0.5,0.0,0.0,0.0,0.0,atlantico
Justin Champagnie,SF,21,TOR,3,3.7,1.0,1.0,0.0,0.3302053872053872,1.0,1.0,1.0,0.0,0.7460646853146854,0.3,1.0,1.3,0.3,0.0,0.0,0.0,0.3,2.0,atlantico
Kennedy Chandler,PG,20,MEM,25,9.0,1.1,0.397,0.1,0.143,1.0,0.463,0.412,0.2,0.455,0.3,1.0,1.2,1.9,0.4,0.2,0.6,0.5,2.4,sudoeste
Max Christie,SG,19,LAL,35,14.2,1.2,0.417,0.7,0.419,0.5,0.415,0.544,0.4,0.875,0.2,1.9,2.1,0.5,0.2,0.2,0.4,0.9,3.6,pacifico
Josh Christopher,SG,21,HOU,42,10.4,1.9,0.46,0.3,0.245,1.6,0.543,0.494,0.6,0.73,0.3,0.8,1.1,0.9,0.4,0.2,0.9,0.8,4.8,sudoeste
Brandon Clarke,PF,26,MEM,53,19.9,4.2,0.661,0.0,0.167,4.2,0.67,0.662,1.8,0.722,1.6,4.0,5.6,1.3,0.6,0.7,1.0,2.4,10.3,sudoeste
Jordan Clarkson,SG,30,UTA,60,32.6,7.5,0.445,2.6,0.341,5.0,0.528,0.521,3.2,0.819,1.2,2.9,4.0,4.3,0.5,0.2,3.1,2.0,20.9,noroeste
Nic Claxton,C,23,BRK,56,29.4,5.5,0.715,0.0,0.0,5.5,0.718,0.715,1.7,0.511,2.5,6.5,9.0,1.7,0.8,2.6,1.3,2.8,12.6,atlantico
Amir Coffey,SG,25,LAC,41,13.9,1.3,0.39,0.2,0.27,1.0,0.434,0.426,1.1,0.818,0.4,0.9,1.2,1.2,0.2,0.1,0.4,1.2,3.9,pacifico
John Collins,PF,25,ATL,51,31.0,5.2,0.508,0.8,0.256,4.4,0.624,0.548,2.0,0.813,1.1,5.9,7.0,1.2,0.7,1.2,1.2,3.2,13.2,sudeste
Zach Collins,C,25,SAS,50,21.4,4.0,0.532,0.6,0.36,3.3,0.586,0.575,1.6,0.745,1.8,4.2,6.0,2.6,0.5,0.6,1.9,3.2,10.2,sudoeste
Mike Conley,PG,35,TOT,48,29.8,3.5,0.406,1.8,0.361,1.7,0.466,0.51,1.7,0.812,0.4,2.0,2.5,7.5,1.0,0.2,1.7,2.1,10.5,atlantico
Mike Conley,PG,35,UTA,43,29.7,3.6,0.408,1.8,0.362,1.8,0.469,0.511,1.8,0.813,0.4,2.1,2.5,7.7,1.0,0.2,1.7,2.2,10.7,noroeste
Mike Conley,PG,35,MIN,5,31.2,3.2,0.39,1.8,0.36,1.4,0.438,0.5,0.8,0.8,0.6,1.6,2.2,5.6,1.2,0.2,1.4,1.8,9.0,noroeste
Pat Connaughton,SG,30,MIL,42,25.1,3.0,0.39,2.0,0.348,0.9,0.527,0.524,0.4,0.607,0.8,4.2,5.0,1.3,0.7,0.1,0.6,1.1,8.3,central
Robert Covington,PF,32,LAC,36,16.2,1.9,0.406,1.0,0.333,0.9,0.523,0.509,0.7,0.735,0.7,3.0,3.7,1.3,0.7,0.8,0.6,1.9,5.5,pacifico
Torrey Craig,SF,32,PHO,59,25.8,3.0,0.452,1.3,0.405,1.7,0.497,0.551,0.5,0.73,2.1,3.7,5.8,1.6,0.7,0.6,1.0,2.4,7.7,pacifico
Jae Crowder,SF,32,MIL,2,20.5,2.5,0.625,2.0,0.8,0.5,0.333,0.875,1.0,0.5,0.5,2.5,3.0,1.0,1.0,0.0,1.0,2.5,8.0,central
Jarrett Culver,SG,23,ATL,10,13.7,1.7,0.395,0.1,0.083,1.6,0.516,0.407,0.9,0.692,1.0,2.8,3.8,0.6,0.6,0.2,0.7,1.4,4.4,sudeste
Cade Cunningham,PG,21,DET,12,33.3,7.8,0.415,1.4,0.279,6.3,0.466,0.453,3.0,0.837,1.0,5.2,6.2,6.0,0.8,0.6,3.3,2.8,19.9,central
Seth Curry,SG,32,BRK,42,22.4,3.9,0.468,1.8,0.423,2.0,0.518,0.579,0.8,0.971,0.3,1.6,1.9,2.0,0.6,0.2,1.0,1.8,10.4,atlantico
Stephen Curry,PG,34,GSW,38,34.6,9.8,0.495,4.9,0.427,4.9,0.588,0.619,5.0,0.922,0.6,5.8,6.3,6.4,1.0,0.4,3.2,2.2,29.4,pacifico
Dyson Daniels,PG,19,NOP,40,19.6,1.7,0.445,0.5,0.333,1.2,0.516,0.51,0.5,0.621,0.7,2.8,3.5,2.5,0.9,0.3,1.1,1.9,4.4,sudoeste
Anthony Davis,C,29,LAL,37,33.2,9.7,0.564,0.4,0.241,9.4,0.593,0.574,6.0,0.813,3.3,9.1,12.4,2.5,1.1,2.0,2.1,2.7,25.7,pacifico
Johnny Davis,SG,20,WAS,13,4.8,0.5,0.333,0.1,0.25,0.4,0.357,0.361,0.2,1.0,0.1,0.5,0.6,0.2,0.1,0.1,0.2,1.0,1.2,sudeste
Terence Davis,SG,25,SAC,47,13.9,2.6,0.446,1.4,0.382,1.2,0.561,0.569,0.7,0.886,0.4,2.0,2.4,1.3,0.8,0.3,0.9,1.9,7.3,pacifico
JD Davison,PG,20,BOS,6,2.3,0.3,0.25,0.0,0.0,0.3,0.4,0.25,0.0,0.7460646853146854,0.0,0.3,0.3,0.2,0.2,0.0,0.2,0.0,0.7,atlantico
Darius Days,PF,23,HOU,4,6.3,1.3,0.417,0.8,0.3,0.5,1.0,0.542,0.5,1.0,0.3,1.3,1.5,0.3,0.0,0.3,0.0,0.5,3.8,sudoeste
Dewayne Dedmon,C,33,MIA,30,11.7,2.1,0.496,0.4,0.297,1.8,0.576,0.539,1.1,0.727,0.9,2.7,3.6,0.5,0.2,0.5,0.6,2.0,5.7,sudeste
Matthew Dellavedova,PG,32,SAC,25,5.9,0.5,0.364,0.2,0.375,0.2,0.353,0.455,0.1,0.6,0.0,0.3,0.4,1.3,0.2,0.0,0.3,0.6,1.3,pacifico
DeMar DeRozan,SF,33,CHI,55,36.1,9.1,0.51,0.5,0.307,8.7,0.529,0.523,6.5,0.881,0.4,4.2,4.6,5.1,1.0,0.5,2.2,2.7,25.3,central
Moussa DiabatÃ©,PF,21,LAC,18,9.6,1.2,0.525,0.1,0.5,1.1,0.526,0.538,0.6,0.625,1.6,0.9,2.5,0.2,0.3,0.3,0.5,0.7,2.9,pacifico
Mamadi Diakite,PF,26,CLE,16,6.1,0.7,0.423,0.3,0.267,0.4,0.636,0.5,0.0,0.7460646853146854,0.2,0.6,0.8,0.1,0.1,0.4,0.4,0.8,1.6,central
Hamidou Diallo,SG,24,DET,53,17.2,3.7,0.581,0.1,0.263,3.6,0.6,0.588,1.5,0.591,1.0,2.4,3.4,0.9,1.0,0.3,1.2,2.2,9.1,central
Gorgui Dieng,C,33,SAS,21,9.6,1.1,0.387,0.6,0.279,0.6,0.632,0.484,0.2,0.833,0.9,1.8,2.6,1.4,0.1,0.3,0.8,1.4,3.1,sudoeste
Ousmane Dieng,SF,19,OKC,19,14.9,1.7,0.416,0.7,0.289,1.0,0.594,0.5,0.1,0.4,0.4,2.2,2.6,1.4,0.3,0.3,0.6,1.2,4.2,noroeste
Spencer Dinwiddie,PG,29,TOT,59,34.1,5.8,0.448,2.5,0.394,3.3,0.5,0.544,3.3,0.828,0.3,2.8,3.2,5.3,0.8,0.3,1.7,2.4,17.5,atlantico
Spencer Dinwiddie,PG,29,DAL,53,34.1,6.0,0.455,2.6,0.405,3.4,0.504,0.555,3.2,0.821,0.4,2.7,3.1,5.3,0.7,0.3,1.7,2.3,17.7,sudoeste
Spencer Dinwiddie,PG,29,BRK,6,34.0,4.7,0.378,1.7,0.286,3.0,0.462,0.446,4.5,0.871,0.2,3.7,3.8,5.7,1.0,0.0,2.0,2.5,15.5,atlantico
Donte DiVincenzo,SG,26,GSW,51,25.6,3.2,0.436,2.1,0.416,1.1,0.482,0.582,0.7,0.818,0.9,3.3,4.2,3.3,1.4,0.1,1.5,1.8,9.2,pacifico
Luka DonÄiÄ‡,PG,23,DAL,52,36.4,11.2,0.504,2.7,0.35,8.4,0.589,0.566,8.0,0.732,0.9,7.9,8.8,8.1,1.5,0.5,3.7,2.6,33.1,sudoeste
Tyler Dorsey,SG,26,DAL,3,2.7,1.3,0.8,0.3,0.5,1.0,1.0,0.9,0.0,0.7460646853146854,0.3,0.3,0.7,0.0,0.0,0.0,0.0,0.0,3.0,sudoeste
Luguentz Dort,SG,23,OKC,53,30.2,4.8,0.406,1.9,0.349,2.9,0.453,0.485,2.6,0.76,1.5,2.9,4.4,2.2,1.0,0.3,1.3,3.2,14.1,noroeste
Ayo Dosunmu,SG,23,CHI,59,28.3,3.8,0.494,0.8,0.318,3.0,0.583,0.547,0.9,0.806,0.7,2.4,3.1,2.8,0.7,0.3,1.4,2.5,9.3,central
Devon Dotson,PG,23,WAS,6,8.8,0.2,0.1,0.2,0.25,0.0,0.0,0.15,0.0,0.7460646853146854,1.0,0.7,1.7,1.3,0.8,0.0,0.5,1.5,0.5,sudeste
Jeff Dowtin,PG,25,TOR,18,8.8,1.1,0.442,0.2,0.273,0.9,0.5,0.477,0.2,0.75,0.3,0.6,0.9,0.9,0.2,0.1,0.3,0.6,2.4,atlantico
PJ Dozier,SG,26,SAC,4,2.5,0.5,0.667,0.3,0.5,0.3,1.0,0.833,0.0,0.7460646853146854,0.0,0.5,0.5,0.0,0.8,0.0,0.0,0.0,1.3,pacifico
Goran DragiÄ‡,PG,36,CHI,51,15.4,2.5,0.425,0.9,0.352,1.6,0.48,0.5,0.5,0.659,0.3,1.1,1.4,2.7,0.2,0.1,1.1,1.2,6.4,central
Andre Drummond,C,29,CHI,48,13.0,2.7,0.624,0.0,0.0,2.7,0.63,0.624,1.0,0.522,2.2,4.5,6.7,0.6,0.7,0.3,1.1,1.9,6.5,central
Chris Duarte,SF,25,IND,38,19.1,2.6,0.364,1.1,0.301,1.5,0.434,0.443,1.5,0.836,0.4,2.1,2.4,1.4,0.5,0.2,0.9,1.5,7.8,central
David Duke Jr.,SG,23,BRK,16,8.8,1.3,0.438,0.0,0.0,1.3,0.5,0.438,0.3,0.5,0.4,0.6,0.9,0.8,0.4,0.1,0.8,1.6,2.9,atlantico
Kris Dunn,PG,28,UTA,2,20.0,6.0,0.522,1.0,0.286,5.0,0.625,0.565,0.0,0.0,1.5,2.5,4.0,4.5,1.5,0.5,0.5,3.0,13.0,noroeste
Kevin Durant,PF,34,BRK,39,36.0,10.5,0.559,1.8,0.376,8.7,0.622,0.607,6.8,0.934,0.4,6.4,6.7,5.3,0.8,1.5,3.5,2.4,29.7,atlantico
Jalen Duren,C,19,DET,52,25.1,3.6,0.645,0.0,0.0,3.6,0.647,0.645,1.3,0.611,3.3,5.4,8.7,1.1,0.6,0.9,1.2,2.7,8.5,central
Tari Eason,PF,21,HOU,60,19.6,3.4,0.442,0.7,0.347,2.7,0.475,0.487,1.3,0.75,2.3,3.4,5.6,1.0,1.1,0.6,1.1,2.2,8.7,sudoeste
Anthony Edwards,SG,21,MIN,63,36.3,9.0,0.46,2.7,0.363,6.3,0.518,0.528,4.2,0.776,0.6,5.3,5.9,4.5,1.7,0.7,3.4,2.5,24.7,noroeste
Kessler Edwards,SF,22,TOT,16,5.8,0.4,0.214,0.1,0.143,0.3,0.286,0.25,0.1,0.5,0.4,0.6,1.0,0.3,0.2,0.1,0.3,0.2,0.9,atlantico
Kessler Edwards,SF,22,BRK,14,5.6,0.4,0.25,0.1,0.167,0.3,0.333,0.292,0.1,0.5,0.4,0.6,1.0,0.1,0.2,0.1,0.3,0.2,1.1,atlantico
Kessler Edwards,SF,22,SAC,2,7.0,0.0,0.0,0.0,0.0,0.0,0.0,0.0,0.0,0.7460646853146854,0.5,0.5,1.0,1.0,0.0,0.0,0.0,0.0,0.0,pacifico
Keon Ellis,SG,23,SAC,9,4.0,0.7,0.6,0.6,0.625,0.1,0.5,0.85,0.2,0.667,0.3,0.4,0.8,0.3,0.2,0.1,0.1,0.7,2.1,pacifico
Joel Embiid,C,28,PHI,48,35.1,10.9,0.532,1.0,0.338,9.9,0.566,0.557,10.1,0.86,1.8,8.6,10.4,4.1,1.1,1.6,3.5,3.2,33.0,atlantico
Drew Eubanks,C,25,POR,58,19.6,2.5,0.681,0.1,0.429,2.4,0.689,0.688,1.0,0.659,1.7,3.3,5.0,1.2,0.5,1.2,0.8,2.2,6.0,noroeste
Bruno Fernando,C,24,TOT,33,11.2,1.5,0.521,0.0,0.0,1.5,0.526,0.521,0.9,0.682,1.5,2.3,3.8,0.9,0.2,0.9,0.7,2.1,3.9,atlantico
Bruno Fernando,C,24,HOU,31,11.7,1.5,0.516,0.0,0.0,1.5,0.522,0.516,1.0,0.682,1.5,2.4,3.9,1.0,0.2,1.0,0.6,2.2,4.1,sudoeste
Bruno Fernando,C,24,ATL,2,3.0,1.0,0.667,0.0,0.3302053872053872,1.0,0.667,0.667,0.0,0.7460646853146854,0.5,0.5,1.0,0.5,0.0,0.0,1.0,0.5,2.0,sudeste
Dorian Finney-Smith,PF,29,TOT,46,31.8,3.1,0.408,1.8,0.342,1.3,0.555,0.525,0.7,0.733,1.7,3.3,5.0,1.5,0.9,0.4,0.9,2.1,8.8,atlantico
Dorian Finney-Smith,PF,29,DAL,40,32.2,3.2,0.416,1.9,0.355,1.3,0.559,0.54,0.8,0.75,1.7,3.0,4.7,1.5,1.0,0.5,0.9,2.0,9.1,sudoeste
Dorian Finney-Smith,PF,29,BRK,6,29.3,2.5,0.349,1.0,0.231,1.5,0.529,0.419,0.5,0.6,1.8,4.8,6.7,1.3,0.3,0.0,1.0,2.8,6.5,atlantico
Malachi Flynn,PG,24,TOR,43,13.7,1.7,0.37,1.0,0.378,0.7,0.36,0.475,0.4,0.708,0.3,1.2,1.5,1.5,0.4,0.1,0.4,1.3,4.8,atlantico
Simone Fontecchio,SF,27,UTA,33,9.9,1.3,0.35,0.8,0.305,0.5,0.447,0.454,0.5,0.773,0.5,0.6,1.1,0.5,0.2,0.2,0.5,1.0,3.8,noroeste
Bryn Forbes,SG,29,MIN,25,10.7,1.2,0.361,0.6,0.304,0.6,0.432,0.446,0.6,1.0,0.2,0.4,0.6,0.7,0.3,0.1,0.5,0.9,3.6,noroeste
Trent Forrest,PG,24,ATL,18,13.3,1.3,0.48,0.0,0.0,1.3,0.5,0.48,0.1,0.667,0.3,1.3,1.6,1.7,0.3,0.1,0.6,0.9,2.8,sudeste
Evan Fournier,SG,30,NYK,23,18.0,2.3,0.351,1.4,0.324,0.9,0.408,0.46,0.8,0.857,0.2,1.8,2.0,1.5,0.6,0.1,0.8,1.9,6.8,atlantico
De'Aaron Fox,PG,25,SAC,55,34.1,9.4,0.515,1.6,0.331,7.9,0.581,0.559,4.9,0.786,0.5,3.8,4.3,6.3,1.1,0.3,2.7,2.5,25.4,pacifico
Markelle Fultz,PG,24,ORL,41,29.2,5.4,0.5,0.4,0.309,5.0,0.527,0.519,1.9,0.786,1.3,2.8,4.0,5.5,1.5,0.4,2.3,2.0,13.2,sudeste
Wenyen Gabriel,PF,25,LAL,47,15.2,2.6,0.617,0.2,0.3,2.4,0.675,0.64,0.8,0.623,1.6,2.2,3.8,0.5,0.3,0.5,0.7,2.2,6.1,pacifico
Daniel Gafford,C,24,WAS,58,18.8,3.4,0.747,0.0,0.3302053872053872,3.4,0.747,0.747,1.6,0.641,2.0,3.4,5.3,0.9,0.4,1.3,1.0,2.3,8.4,sudeste
Darius Garland,PG,23,CLE,54,35.1,7.5,0.468,2.6,0.421,5.0,0.496,0.547,4.3,0.868,0.4,2.2,2.6,7.9,1.3,0.1,2.9,2.1,21.9,central
Usman Garuba,PF,20,HOU,53,13.5,1.2,0.532,0.3,0.485,0.9,0.549,0.597,0.4,0.528,1.6,2.8,4.4,0.9,0.7,0.5,0.6,1.7,3.2,sudoeste
Luka Garza,C,24,MIN,23,9.1,2.3,0.529,0.6,0.361,1.8,0.621,0.593,1.7,0.792,1.3,1.2,2.4,0.6,0.1,0.0,0.4,1.5,6.9,noroeste
Rudy Gay,PF,36,UTA,46,14.5,1.8,0.378,0.5,0.232,1.3,0.496,0.43,0.7,0.857,0.6,2.3,2.9,0.9,0.3,0.3,0.6,1.2,4.8,noroeste
Paul George,SG,32,LAC,46,34.4,8.1,0.461,2.9,0.384,5.1,0.522,0.545,4.4,0.875,0.7,5.4,6.1,5.2,1.4,0.4,3.3,2.7,23.5,pacifico
Taj Gibson,C,37,WAS,38,10.0,1.4,0.535,0.1,0.235,1.3,0.598,0.556,0.6,0.676,0.7,1.3,2.0,0.8,0.3,0.3,0.5,1.9,3.5,sudeste
Josh Giddey,SG,20,OKC,55,30.9,7.0,0.484,0.9,0.309,6.1,0.528,0.515,1.3,0.769,2.0,5.8,7.7,5.8,0.8,0.5,3.0,2.1,16.2,noroeste
Shai Gilgeous-Alexander,PG,24,OKC,54,35.5,10.2,0.507,0.9,0.338,9.4,0.532,0.528,9.6,0.908,0.9,3.9,4.7,5.7,1.6,1.1,2.9,2.7,31.0,noroeste
Anthony Gill,PF,30,WAS,42,10.0,1.2,0.607,0.1,0.158,1.1,0.738,0.625,0.6,0.771,0.5,0.8,1.4,0.5,0.1,0.2,0.2,1.2,3.1,sudeste
Rudy Gobert,C,30,MIN,51,30.5,5.1,0.679,0.0,0.0,5.1,0.684,0.679,3.1,0.671,3.2,8.4,11.6,0.9,0.8,1.3,1.7,2.9,13.4,noroeste
Jordan Goodwin,PG,24,WAS,41,18.1,2.4,0.449,0.6,0.382,1.7,0.48,0.509,0.8,0.75,0.9,2.4,3.3,2.5,1.0,0.5,0.9,1.7,6.2,sudeste
Aaron Gordon,PF,27,DEN,50,30.2,6.5,0.583,1.0,0.382,5.5,0.645,0.628,3.0,0.623,2.4,4.5,6.8,2.9,0.8,0.8,1.6,1.9,17.1,noroeste
Eric Gordon,SG,34,TOT,51,29.6,4.3,0.434,1.8,0.35,2.5,0.523,0.524,2.3,0.821,0.3,1.8,2.1,2.9,0.6,0.4,1.7,1.0,12.6,atlantico
Eric Gordon,SG,34,HOU,47,30.2,4.5,0.439,1.8,0.347,2.7,0.536,0.528,2.3,0.815,0.3,1.8,2.1,2.9,0.6,0.4,1.8,1.0,13.1,sudoeste
Eric Gordon,SG,34,LAC,4,23.3,1.8,0.318,1.3,0.417,0.5,0.2,0.432,2.3,0.9,0.3,1.8,2.0,3.5,0.8,0.8,0.5,1.5,7.0,pacifico
Devonte' Graham,PG,27,TOT,59,16.6,1.9,0.362,1.4,0.343,0.5,0.435,0.498,1.0,0.747,0.3,1.2,1.5,2.4,0.6,0.2,0.5,0.9,6.1,atlantico
Devonte' Graham,PG,27,NOP,53,15.3,1.6,0.368,1.2,0.347,0.4,0.463,0.511,0.8,0.746,0.2,1.1,1.4,2.2,0.6,0.2,0.5,0.9,5.3,sudoeste
Devonte' Graham,PG,27,SAS,6,28.2,4.2,0.342,2.8,0.327,1.3,0.381,0.459,2.5,0.75,0.8,1.7,2.5,4.7,0.8,0.7,0.8,1.3,13.7,sudoeste
Jerami Grant,PF,28,POR,55,35.6,7.1,0.484,2.3,0.407,4.8,0.532,0.562,4.3,0.807,0.9,3.5,4.3,2.3,0.8,0.8,1.8,2.4,20.6,noroeste
A.J. Green,SG,23,MIL,27,9.7,1.6,0.449,1.3,0.427,0.3,0.563,0.628,0.1,1.0,0.1,0.9,1.1,0.6,0.2,0.0,0.3,1.0,4.7,central
Danny Green,SG,35,TOT,6,11.8,1.0,0.316,1.0,0.4,0.0,0.0,0.474,0.2,1.0,0.2,0.7,0.8,0.3,0.3,0.2,0.8,1.5,3.2,atlantico
Danny Green,SG,35,MEM,3,14.3,1.0,0.273,1.0,0.375,0.0,0.0,0.409,0.0,0.7460646853146854,0.3,1.0,1.3,0.7,0.3,0.0,1.0,2.0,3.0,sudoeste
Danny Green,SG,35,CLE,3,9.3,1.0,0.375,1.0,0.429,0.0,0.0,0.563,0.3,1.0,0.0,0.3,0.3,0.0,0.3,0.3,0.7,1.0,3.3,central
Draymond Green,PF,32,GSW,53,31.5,3.2,0.517,0.6,0.33,2.6,0.594,0.565,1.1,0.7,0.9,6.5,7.4,6.8,1.0,0.8,2.6,3.0,8.1,pacifico
Jalen Green,SG,20,HOU,54,33.9,7.3,0.409,2.5,0.333,4.7,0.467,0.481,4.7,0.788,0.6,3.4,4.0,3.6,0.8,0.2,2.9,1.7,21.8,sudoeste
JaMychal Green,PF,32,GSW,41,14.7,2.4,0.516,0.7,0.349,1.7,0.645,0.592,0.9,0.714,1.3,2.6,3.9,1.0,0.5,0.3,1.1,2.0,6.3,pacifico
Javonte Green,SG,29,CHI,28,16.0,2.2,0.587,0.5,0.382,1.7,0.686,0.649,1.0,0.674,0.9,2.0,2.9,0.8,0.8,0.7,0.7,1.7,5.9,central
Jeff Green,PF,36,DEN,39,19.4,3.1,0.498,0.4,0.25,2.6,0.595,0.533,1.5,0.707,0.7,1.8,2.5,1.2,0.4,0.3,0.9,1.9,8.1,noroeste
Josh Green,SG,22,DAL,42,24.7,3.3,0.543,1.2,0.421,2.1,0.652,0.643,1.4,0.714,0.9,1.8,2.7,1.6,0.8,0.1,1.0,2.6,9.3,sudoeste
AJ Griffin,SF,19,ATL,57,20.2,3.6,0.475,1.5,0.392,2.2,0.554,0.57,0.5,0.875,0.5,1.6,2.1,1.0,0.7,0.1,0.6,1.2,9.2,sudeste
Blake Griffin,C,33,BOS,27,14.1,1.7,0.5,0.7,0.388,1.0,0.622,0.601,0.6,0.625,0.9,2.4,3.3,1.3,0.3,0.2,0.5,1.9,4.7,atlantico
Quentin Grimes,SG,22,NYK,52,29.7,3.5,0.444,1.8,0.351,1.7,0.62,0.559,1.1,0.8,0.8,2.5,3.3,1.9,0.6,0.4,1.0,2.5,9.9,atlantico
Rui Hachimura,PF,24,TOT,43,24.5,4.9,0.48,0.9,0.322,4.0,0.539,0.524,1.6,0.716,0.8,3.8,4.6,1.0,0.3,0.3,1.0,1.1,12.2,atlantico
Rui Hachimura,PF,24,WAS,30,24.3,5.3,0.488,1.0,0.337,4.3,0.545,0.534,1.5,0.759,0.6,3.6,4.3,1.2,0.4,0.4,1.2,1.3,13.0,sudeste
Rui Hachimura,PF,24,LAL,13,24.9,3.9,0.459,0.6,0.276,3.3,0.524,0.495,1.8,0.649,1.3,4.1,5.4,0.6,0.3,0.2,0.5,0.6,10.3,pacifico
Tyrese Haliburton,PG,22,IND,50,33.6,7.1,0.482,2.9,0.399,4.3,0.559,0.578,2.7,0.865,0.6,3.0,3.7,10.2,1.7,0.4,2.6,1.2,19.8,central
Jordan Hall,SF,21,SAS,9,9.2,1.0,0.321,0.3,0.2,0.7,0.462,0.375,0.8,0.778,0.3,1.0,1.3,1.2,0.1,0.0,0.8,0.7,3.1,sudoeste
R.J. Hampton,PG,21,TOT,28,13.9,1.8,0.425,0.6,0.321,1.2,0.516,0.5,1.1,0.838,0.3,1.3,1.6,1.3,0.6,0.2,0.8,0.8,5.4,atlantico
R.J. Hampton,PG,21,ORL,26,13.9,1.9,0.439,0.7,0.34,1.2,0.525,0.518,1.2,0.838,0.3,1.2,1.5,1.3,0.6,0.2,0.8,0.8,5.7,sudeste
R.J. Hampton,PG,21,DET,2,14.0,0.5,0.167,0.0,0.0,0.5,0.333,0.167,0.0,0.7460646853146854,0.0,2.5,2.5,0.5,1.0,0.5,0.5,0.5,1.0,central
Tim Hardaway Jr.,SG,30,DAL,56,30.1,4.7,0.38,2.9,0.36,1.8,0.417,0.497,1.8,0.756,0.3,3.3,3.6,1.7,0.7,0.1,0.9,1.6,13.9,sudoeste
James Harden,PG,33,PHI,44,36.7,6.5,0.45,2.9,0.393,3.7,0.508,0.548,5.6,0.864,0.5,5.6,6.2,10.7,1.3,0.6,3.4,2.0,21.6,atlantico
Jaden Hardy,SG,20,DAL,32,11.6,2.2,0.423,0.8,0.342,1.4,0.489,0.5,1.3,0.875,0.1,1.3,1.3,0.8,0.3,0.1,0.8,1.3,6.4,sudoeste
Ron Harper Jr.,SF,22,TOR,4,3.5,1.0,0.571,0.5,0.5,0.5,0.667,0.714,0.0,0.7460646853146854,0.3,0.3,0.5,0.0,0.0,0.0,0.0,0.0,2.5,atlantico
Montrezl Harrell,C,29,PHI,50,12.5,2.2,0.605,0.0,0.0,2.2,0.612,0.605,1.2,0.694,1.2,1.6,2.8,0.6,0.3,0.5,0.6,1.5,5.7,atlantico
Gary Harris,SG,28,ORL,33,24.8,3.0,0.471,1.9,0.446,1.1,0.522,0.62,0.8,0.893,0.5,1.6,2.1,1.2,0.9,0.2,0.7,2.0,8.6,sudeste
Joe Harris,SG,31,BRK,53,23.5,3.0,0.456,2.0,0.413,1.1,0.566,0.605,0.3,0.625,0.4,2.2,2.5,1.6,0.5,0.2,0.7,2.4,8.3,atlantico
Kevon Harris,SG,25,ORL,27,12.4,1.2,0.416,0.4,0.393,0.8,0.429,0.487,0.8,0.815,0.9,1.1,2.0,0.4,0.5,0.1,0.6,1.3,3.6,sudeste
Tobias Harris,PF,30,PHI,56,33.7,6.1,0.498,1.8,0.38,4.3,0.572,0.571,1.4,0.856,0.9,4.9,5.8,2.5,1.0,0.5,1.3,2.0,15.3,atlantico
Josh Hart,SF-SG,27,TOT,57,32.7,3.7,0.517,0.8,0.351,2.9,0.594,0.573,1.7,0.731,1.8,6.1,7.9,3.8,1.1,0.2,1.5,2.6,10.0,atlantico
Josh Hart,SF,27,POR,51,33.4,3.6,0.504,0.7,0.304,2.9,0.594,0.551,1.7,0.731,1.9,6.3,8.2,3.9,1.1,0.2,1.5,2.6,9.5,noroeste
Josh Hart,SG,27,NYK,6,26.3,5.0,0.612,2.0,0.632,3.0,0.6,0.735,1.8,0.733,1.5,3.8,5.3,3.2,1.2,0.5,1.2,2.2,13.8,atlantico
Isaiah Hartenstein,C,24,NYK,63,19.6,2.2,0.521,0.1,0.235,2.0,0.564,0.536,0.6,0.755,2.8,3.8,6.6,0.9,0.6,0.8,0.8,2.6,5.1,atlantico
Udonis Haslem,C,42,MIA,6,7.7,0.2,0.083,0.0,0.0,0.2,0.1,0.083,0.2,0.5,0.7,0.7,1.3,0.0,0.2,0.2,0.0,1.3,0.5,sudeste
Sam Hauser,PF,25,BOS,60,15.6,2.2,0.455,1.7,0.414,0.5,0.653,0.627,0.2,0.667,0.5,2.1,2.5,0.7,0.3,0.3,0.3,1.3,6.2,atlantico
Jaxson Hayes,C,22,NOP,35,13.3,1.8,0.534,0.1,0.115,1.7,0.652,0.547,1.2,0.672,0.9,2.1,2.9,0.7,0.5,0.3,0.6,1.4,4.9,sudoeste
Killian Hayes,PG,21,DET,58,27.1,3.8,0.369,1.2,0.3,2.6,0.41,0.426,0.8,0.817,0.3,2.4,2.7,5.9,1.3,0.4,2.0,3.0,9.5,central
Gordon Hayward,SF,32,CHO,37,31.3,5.5,0.472,1.0,0.319,4.4,0.531,0.516,2.6,0.817,0.7,3.7,4.4,3.7,0.9,0.2,1.9,1.4,14.6,sudeste
Juancho HernangÃ³mez,PF,27,TOR,42,14.6,1.1,0.421,0.4,0.254,0.7,0.66,0.496,0.2,0.563,0.6,2.3,2.9,0.6,0.4,0.1,0.4,1.0,2.9,atlantico
Willy HernangÃ³mez,C,28,NOP,30,12.8,2.6,0.535,0.1,0.2,2.5,0.56,0.542,2.4,0.78,1.7,3.4,5.1,0.9,0.4,0.4,1.1,1.7,7.6,sudoeste
Tyler Herro,SG,23,MIA,48,35.4,7.4,0.432,3.0,0.371,4.4,0.488,0.521,2.6,0.92,0.5,5.2,5.7,4.3,0.9,0.3,2.4,1.7,20.5,sudeste
Buddy Hield,SF,30,IND,62,32.1,6.1,0.452,3.8,0.425,2.3,0.507,0.593,1.3,0.86,0.8,4.1,4.9,2.7,1.2,0.3,1.8,2.0,17.4,central
Haywood Highsmith,SF,26,MIA,44,19.4,1.8,0.426,0.8,0.356,1.0,0.506,0.521,0.3,0.458,1.0,2.7,3.7,0.7,0.8,0.3,0.8,1.6,4.8,sudeste
George Hill,PG,36,TOT,36,18.8,1.6,0.447,0.6,0.311,1.0,0.621,0.534,0.9,0.739,0.4,1.5,1.9,2.5,0.6,0.1,0.8,1.1,4.9,atlantico
George Hill,PG,36,MIL,35,19.1,1.7,0.447,0.7,0.311,1.0,0.621,0.534,1.0,0.739,0.4,1.5,1.9,2.5,0.5,0.1,0.8,1.2,5.0,central
Malcolm Hill,SF,27,CHI,5,1.8,0.4,0.5,0.2,0.333,0.2,1.0,0.625,0.0,0.7460646853146854,0.0,0.6,0.6,0.0,0.0,0.0,0.0,0.2,1.0,central
Aaron Holiday,PG,26,ATL,51,14.3,1.5,0.415,0.6,0.413,0.9,0.416,0.497,0.5,0.857,0.4,0.9,1.3,1.3,0.5,0.2,0.6,1.3,4.1,sudeste
Jrue Holiday,PG,32,MIL,49,33.0,7.5,0.469,2.5,0.384,5.0,0.526,0.546,2.4,0.859,1.2,4.0,5.2,7.1,1.3,0.4,3.0,1.9,19.8,central
Justin Holiday,SG,33,TOT,30,15.4,1.8,0.401,1.2,0.378,0.6,0.462,0.536,0.0,0.7460646853146854,0.1,0.8,0.8,0.9,0.2,0.4,0.4,1.4,4.9,atlantico
Justin Holiday,SG,33,ATL,28,14.7,1.7,0.384,1.1,0.345,0.6,0.474,0.504,0.0,0.7460646853146854,0.1,0.8,0.8,0.9,0.2,0.4,0.4,1.3,4.5,sudeste
Justin Holiday,SG,33,DAL,2,25.0,3.5,0.583,3.5,0.636,0.0,0.0,0.875,0.0,0.7460646853146854,0.0,1.0,1.0,1.0,1.0,1.5,0.0,2.5,10.5,sudoeste
Richaun Holmes,C,29,SAC,34,8.9,1.4,0.681,0.1,0.75,1.3,0.677,0.703,0.4,0.824,0.7,1.4,2.1,0.1,0.1,0.3,0.4,1.3,3.3,pacifico
Al Horford,C,36,BOS,48,30.7,3.5,0.472,2.1,0.43,1.4,0.553,0.613,0.3,0.722,1.2,4.9,6.1,2.7,0.5,0.9,0.6,1.9,9.4,atlantico
Talen Horton-Tucker,SG,22,UTA,48,17.1,2.8,0.4,0.7,0.266,2.1,0.481,0.45,1.4,0.753,0.5,2.2,2.6,3.0,0.6,0.5,1.4,1.6,7.8,noroeste
Danuel House Jr.,SF,29,PHI,37,14.8,1.5,0.458,0.6,0.333,0.8,0.646,0.558,0.8,0.7,0.2,1.5,1.8,0.7,0.2,0.2,0.4,1.2,4.4,atlantico
Caleb Houstan,SF,20,ORL,34,16.1,1.5,0.41,1.0,0.388,0.5,0.459,0.545,0.3,0.846,0.7,1.5,2.2,0.5,0.2,0.1,0.4,1.4,4.2,sudeste
Trevor Hudgins,PG,23,HOU,5,5.6,0.4,0.222,0.4,0.25,0.0,0.0,0.333,0.6,1.0,0.0,0.0,0.0,0.6,0.0,0.0,0.2,0.2,1.8,sudoeste
Kevin Huerter,SG,24,SAC,57,30.1,5.4,0.477,2.6,0.387,2.8,0.608,0.592,1.3,0.699,0.6,2.8,3.4,2.9,1.1,0.3,1.4,2.5,14.6,pacifico
De'Andre Hunter,SF,25,ATL,51,31.7,5.6,0.46,1.6,0.367,4.0,0.511,0.525,2.9,0.83,0.6,3.7,4.3,1.4,0.5,0.2,1.2,3.0,15.6,sudeste
Bones Hyland,PG,22,TOT,45,19.3,4.0,0.398,2.1,0.38,1.9,0.42,0.502,1.7,0.854,0.3,1.8,2.1,2.9,0.7,0.3,1.6,1.6,11.8,atlantico
Bones Hyland,PG,22,DEN,42,19.5,4.1,0.399,2.2,0.378,2.0,0.425,0.503,1.7,0.866,0.2,1.8,2.0,3.0,0.7,0.3,1.6,1.6,12.1,noroeste
Bones Hyland,PG,22,LAC,3,15.7,2.7,0.381,1.3,0.444,1.3,0.333,0.476,1.7,0.714,1.7,1.3,3.0,1.7,0.7,0.0,1.0,2.3,8.3,pacifico
Serge Ibaka,C,33,MIL,16,11.6,1.6,0.481,0.4,0.333,1.3,0.556,0.537,0.5,0.615,0.9,1.8,2.8,0.3,0.1,0.4,0.7,1.4,4.1,central
Andre Iguodala,SF,39,GSW,3,14.0,1.0,0.75,0.3,0.5,0.7,1.0,0.875,0.0,0.7460646853146854,0.3,2.0,2.3,1.7,0.3,0.3,1.7,1.7,2.3,pacifico
Joe Ingles,SF,35,MIL,27,22.6,2.1,0.381,1.4,0.336,0.6,0.548,0.514,0.4,0.8,0.3,2.6,2.9,3.0,0.6,0.1,1.1,1.7,6.0,central
Brandon Ingram,SF,25,NOP,27,32.7,8.2,0.459,1.7,0.405,6.5,0.474,0.505,4.9,0.879,0.4,4.6,5.0,4.7,0.7,0.4,3.3,2.6,22.9,sudoeste
Kyrie Irving,PG,30,TOT,46,36.9,9.9,0.489,3.3,0.378,6.6,0.571,0.569,4.0,0.897,1.0,4.1,5.1,5.4,1.0,0.8,2.3,2.8,27.0,atlantico
Kyrie Irving,PG,30,BRK,40,37.0,10.0,0.486,3.3,0.374,6.7,0.569,0.565,4.0,0.883,1.0,4.2,5.1,5.3,1.0,0.8,2.3,2.7,27.1,atlantico
Kyrie Irving,PG,30,DAL,6,36.8,9.3,0.509,3.3,0.408,6.0,0.59,0.6,4.2,1.0,1.5,3.7,5.2,6.5,1.0,0.5,2.3,3.2,26.2,sudoeste
Jonathan Isaac,PF,25,ORL,11,11.3,2.0,0.415,0.5,0.4,1.5,0.421,0.472,0.5,0.556,1.4,2.6,4.0,0.5,1.3,0.4,0.4,0.5,5.0,sudeste
Jaden Ivey,SG,20,DET,57,30.1,5.2,0.42,1.4,0.336,3.8,0.464,0.477,3.5,0.725,1.0,2.9,3.9,4.7,0.9,0.3,2.8,3.1,15.3,central
Isaiah Jackson,C,21,IND,45,15.3,2.6,0.573,0.0,0.167,2.6,0.598,0.578,1.5,0.648,1.4,2.5,3.9,0.9,0.4,1.5,0.9,2.2,6.8,central
Jaren Jackson Jr.,C,23,MEM,42,27.2,5.9,0.493,1.5,0.348,4.4,0.576,0.556,3.3,0.787,1.7,5.0,6.6,0.9,1.1,3.2,1.5,3.4,16.7,sudoeste
Justin Jackson,SF,27,BOS,23,4.7,0.3,0.259,0.2,0.25,0.1,0.286,0.352,0.0,0.5,0.1,0.7,0.7,0.4,0.2,0.2,0.1,0.3,0.9,atlantico
Quenton Jackson,PG,24,WAS,3,2.7,0.7,0.667,0.3,0.5,0.3,1.0,0.833,0.0,0.7460646853146854,0.3,0.0,0.3,0.3,0.0,0.0,0.0,0.3,1.7,sudeste
Reggie Jackson,PG,32,TOT,55,25.3,4.0,0.413,1.5,0.349,2.5,0.463,0.49,1.2,0.914,0.4,1.8,2.2,3.5,0.7,0.1,1.8,1.8,10.7,atlantico
Reggie Jackson,PG,32,LAC,52,25.7,4.1,0.418,1.5,0.35,2.6,0.469,0.493,1.2,0.924,0.4,1.8,2.2,3.5,0.7,0.1,1.8,1.8,10.9,pacifico
Reggie Jackson,PG,32,DEN,3,18.7,2.3,0.304,1.7,0.333,0.7,0.25,0.413,1.0,0.75,0.3,1.7,2.0,3.0,0.7,0.3,0.7,2.0,7.3,noroeste
LeBron James,PF,38,LAL,47,36.1,11.3,0.501,2.1,0.308,9.2,0.587,0.549,4.8,0.759,1.2,7.2,8.4,6.9,0.9,0.6,3.1,1.7,29.5,pacifico
Ty Jerome,SG,25,GSW,39,18.4,2.9,0.509,0.8,0.41,2.1,0.563,0.582,0.9,0.919,0.2,1.5,1.7,2.9,0.5,0.1,0.7,1.5,7.4,pacifico
Isaiah Joe,SG,23,OKC,52,16.4,2.9,0.478,2.2,0.453,0.7,0.581,0.66,0.9,0.817,0.3,2.0,2.3,1.1,0.6,0.1,0.5,1.4,9.0,noroeste
Alize Johnson,PF,26,SAS,4,7.5,0.8,0.5,0.0,0.0,0.8,0.75,0.5,0.3,0.5,0.5,2.0,2.5,0.3,0.3,0.0,1.0,0.8,1.8,sudoeste
Cameron Johnson,PF,26,TOT,22,26.1,5.0,0.466,2.6,0.41,2.5,0.545,0.586,1.7,0.809,0.7,3.0,3.7,1.5,1.0,0.4,0.5,1.7,14.4,atlantico
Cameron Johnson,PF,26,PHO,17,25.2,4.8,0.474,2.6,0.455,2.2,0.5,0.604,1.6,0.818,0.8,3.0,3.8,1.5,0.9,0.4,0.6,1.7,13.9,pacifico
Cameron Johnson,PF,26,BRK,5,29.0,5.8,0.446,2.4,0.3,3.4,0.68,0.538,2.2,0.786,0.4,2.8,3.2,1.6,1.4,0.4,0.0,1.8,16.2,atlantico
Jalen Johnson,SF,21,ATL,57,14.3,2.0,0.479,0.4,0.284,1.6,0.579,0.527,0.7,0.661,0.7,3.1,3.8,0.9,0.5,0.5,0.5,1.4,5.2,sudeste
James Johnson,PF,35,IND,12,8.2,0.8,0.37,0.3,0.3,0.6,0.412,0.426,0.3,0.75,0.2,1.2,1.3,0.6,0.3,0.4,0.4,2.0,2.2,central
Keldon Johnson,SF,23,SAS,54,32.6,7.8,0.446,2.1,0.324,5.7,0.519,0.506,4.1,0.774,0.9,4.0,4.8,2.8,0.7,0.2,2.1,1.9,21.8,sudoeste
Keon Johnson,SG,20,POR,30,10.0,1.6,0.366,0.7,0.367,0.9,0.366,0.45,0.4,0.571,0.3,0.9,1.2,1.1,0.5,0.1,1.0,1.0,4.3,noroeste
Stanley Johnson,SF,26,SAS,30,15.6,2.2,0.533,0.6,0.45,1.6,0.573,0.607,0.9,0.667,0.7,2.4,3.2,2.2,0.5,0.2,1.1,1.6,5.8,sudoeste
Nikola JokiÄ‡,C,27,DEN,54,33.7,9.4,0.633,0.8,0.398,8.6,0.671,0.661,5.1,0.824,2.3,9.4,11.7,10.0,1.3,0.7,3.6,2.6,24.8,noroeste
Carlik Jones,PG,25,CHI,2,11.5,0.5,0.2,0.0,0.0,0.5,0.25,0.2,0.5,0.25,0.5,1.0,1.5,1.0,0.0,0.0,0.5,0.5,1.5,central
Damian Jones,C,27,TOT,24,8.2,1.0,0.561,0.0,0.0,1.0,0.605,0.561,0.7,0.727,0.8,1.8,2.6,0.2,0.1,0.6,0.4,0.9,2.6,atlantico
Damian Jones,C,27,LAL,22,8.0,0.9,0.541,0.0,0.0,0.9,0.588,0.541,0.7,0.75,0.8,1.7,2.5,0.2,0.1,0.5,0.4,0.8,2.5,pacifico
Damian Jones,C,27,UTA,2,10.5,1.5,0.75,0.0,0.3302053872053872,1.5,0.75,0.75,0.5,0.5,1.0,2.5,3.5,0.5,0.0,1.0,0.5,2.0,3.5,noroeste
Derrick Jones Jr.,SF,25,CHI,48,14.7,1.8,0.506,0.4,0.327,1.5,0.588,0.557,1.1,0.794,1.0,1.5,2.5,0.6,0.5,0.6,0.4,1.4,5.2,central
Herbert Jones,SF,24,NOP,46,28.7,3.3,0.44,0.7,0.28,2.6,0.522,0.487,2.0,0.748,1.3,2.5,3.9,2.2,1.6,0.7,1.3,3.2,9.4,sudoeste
Kai Jones,C,22,CHO,29,8.9,1.1,0.533,0.1,0.273,1.0,0.592,0.558,0.3,0.714,0.7,1.2,1.9,0.2,0.3,0.4,0.3,1.1,2.7,sudeste
Tre Jones,PG,23,SAS,52,29.3,4.9,0.436,0.7,0.265,4.3,0.486,0.466,2.2,0.891,0.8,2.8,3.6,6.3,1.3,0.2,1.8,1.4,12.8,sudoeste
Tyus Jones,PG,26,MEM,59,22.9,3.7,0.432,1.5,0.377,2.2,0.478,0.518,1.0,0.806,0.4,1.8,2.2,4.6,1.0,0.1,0.9,0.4,9.8,sudoeste
DeAndre Jordan,C,34,DEN,34,14.6,2.2,0.771,0.0,1.0,2.1,0.768,0.776,0.5,0.439,1.2,3.7,4.9,0.9,0.2,0.6,1.2,1.9,4.9,noroeste
Cory Joseph,PG,31,DET,43,16.0,1.7,0.388,0.6,0.314,1.1,0.451,0.46,0.7,0.769,0.2,1.1,1.3,3.2,0.4,0.1,0.7,1.5,4.7,central
Nikola JoviÄ‡,PF,19,MIA,15,13.6,1.9,0.406,0.5,0.229,1.3,0.588,0.464,1.2,0.947,0.6,1.5,2.1,0.7,0.5,0.1,0.7,1.3,5.5,sudeste
Mfiondu Kabengele,PF,25,BOS,2,7.0,0.5,0.5,0.0,0.0,0.5,1.0,0.5,0.0,0.7460646853146854,1.5,1.0,2.5,0.0,0.0,0.0,0.5,1.5,1.0,atlantico
Frank Kaminsky,C,29,TOT,29,6.9,0.9,0.51,0.4,0.423,0.5,0.6,0.618,0.5,0.875,0.1,1.2,1.4,0.9,0.2,0.1,0.3,0.8,2.7,atlantico
Frank Kaminsky,C,29,ATL,26,6.8,1.0,0.568,0.4,0.478,0.5,0.667,0.693,0.4,0.833,0.1,1.3,1.4,0.8,0.2,0.0,0.3,0.8,2.7,sudeste
Frank Kaminsky,C,29,HOU,3,8.0,0.3,0.143,0.0,0.0,0.3,0.25,0.143,1.3,1.0,0.3,1.0,1.3,2.0,0.3,0.7,0.0,0.3,2.0,sudoeste
Trevor Keels,SG,19,NYK,1,1.0,0.0,0.0,0.0,0.0,0.0,0.5301821138211382,0.0,0.0,0.7460646853146854,0.0,1.0,1.0,0.0,0.0,0.0,0.0,0.0,0.0,atlantico
Luke Kennard,SG,26,TOT,38,20.8,2.8,0.465,1.7,0.462,1.0,0.47,0.611,0.6,0.958,0.2,2.1,2.3,1.1,0.5,0.1,0.8,1.4,7.9,atlantico
Luke Kennard,SG,26,LAC,35,20.7,2.8,0.464,1.7,0.447,1.1,0.494,0.604,0.5,0.95,0.2,2.2,2.4,1.1,0.5,0.1,0.9,1.3,7.8,pacifico
Luke Kennard,SG,26,MEM,3,22.3,2.3,0.467,2.3,0.636,0.0,0.0,0.7,1.3,1.0,0.3,1.3,1.7,1.7,0.0,0.0,0.0,2.0,8.3,sudoeste
Walker Kessler,C,21,UTA,59,21.6,3.6,0.712,0.0,1.0,3.5,0.711,0.714,1.1,0.534,2.9,5.0,7.9,0.8,0.4,2.2,0.8,2.2,8.2,noroeste
Braxton Key,SF,25,DET,3,3.0,0.3,1.0,0.0,0.3302053872053872,0.3,1.0,1.0,0.7,1.0,0.0,0.3,0.3,0.0,0.0,0.0,0.0,0.0,1.3,central
Corey Kispert,SF,23,WAS,52,27.0,3.3,0.476,1.8,0.408,1.4,0.607,0.61,1.0,0.864,0.4,2.3,2.7,1.2,0.6,0.1,0.8,1.3,9.3,sudeste
Maxi Kleber,C,31,DAL,22,25.6,2.3,0.49,1.1,0.369,1.2,0.692,0.606,0.5,0.786,0.9,2.7,3.5,1.0,0.3,1.0,0.6,2.2,6.2,sudoeste
Nathan Knight,PF,25,MIN,34,8.1,1.3,0.573,0.2,0.381,1.0,0.648,0.627,1.1,0.679,0.6,0.9,1.5,0.4,0.3,0.2,0.6,1.1,3.8,noroeste
Kevin Knox,PF-SF,23,TOT,46,13.3,1.8,0.464,0.9,0.361,0.9,0.656,0.582,0.6,0.8,0.5,2.0,2.4,0.3,0.3,0.3,0.7,1.7,5.2,atlantico
Kevin Knox,PF,23,DET,42,14.1,2.0,0.469,1.0,0.371,1.0,0.651,0.589,0.6,0.788,0.5,2.1,2.6,0.4,0.3,0.3,0.8,1.8,5.6,central
Kevin Knox,SF,23,POR,4,5.0,0.3,0.25,0.0,0.0,0.3,1.0,0.25,0.5,1.0,0.5,0.5,1.0,0.0,0.0,0.0,0.0,1.3,1.0,noroeste
Christian Koloko,C,22,TOR,46,14.4,1.3,0.484,0.0,0.111,1.3,0.513,0.488,0.8,0.66,1.5,1.7,3.2,0.5,0.3,1.0,0.4,2.4,3.4,atlantico
John Konchar,SG,26,MEM,51,22.1,2.2,0.439,1.0,0.366,1.2,0.531,0.541,0.5,0.852,0.9,3.8,4.7,1.4,1.0,0.3,0.6,1.5,5.9,sudoeste
Furkan Korkmaz,SG,25,PHI,25,10.2,1.3,0.41,0.5,0.343,0.8,0.465,0.487,0.8,0.655,0.2,0.9,1.2,0.7,0.2,0.1,0.6,0.4,3.8,atlantico
Luke Kornet,C,27,BOS,53,11.6,1.6,0.697,0.1,0.333,1.5,0.726,0.709,0.5,0.853,1.2,1.6,2.8,0.7,0.2,0.8,0.4,1.3,3.8,atlantico
Vit Krejci,PG,22,ATL,22,5.5,0.5,0.379,0.2,0.278,0.3,0.545,0.466,0.0,0.5,0.1,0.5,0.6,0.5,0.1,0.0,0.2,0.5,1.3,sudeste
Jonathan Kuminga,PF,20,GSW,49,19.7,3.3,0.485,0.7,0.327,2.6,0.557,0.536,1.3,0.66,0.9,2.2,3.1,1.9,0.5,0.4,1.5,2.3,8.5,pacifico
Kyle Kuzma,PF,27,WAS,55,35.1,8.0,0.447,2.5,0.331,5.5,0.534,0.518,2.6,0.717,0.9,6.5,7.5,3.9,0.5,0.5,3.0,2.4,21.2,sudeste
Anthony Lamb,SF,25,GSW,46,19.7,2.5,0.494,1.3,0.387,1.2,0.695,0.62,0.7,0.721,0.9,2.5,3.4,1.7,0.5,0.3,1.0,2.4,7.1,pacifico
Jock Landale,C,27,PHO,53,14.2,2.5,0.508,0.3,0.234,2.1,0.626,0.543,1.3,0.775,1.8,2.4,4.1,0.9,0.3,0.5,0.9,1.8,6.5,pacifico
Romeo Langford,SG,23,SAS,32,20.2,3.1,0.49,0.4,0.283,2.7,0.551,0.522,0.8,0.649,1.4,1.4,2.9,1.3,0.5,0.3,0.7,1.7,7.4,sudoeste
Jake LaRavia,PF,21,MEM,31,12.5,1.1,0.391,0.7,0.333,0.4,0.542,0.511,0.2,0.778,0.5,1.4,1.9,0.7,0.4,0.1,0.6,1.5,3.1,sudoeste
Zach LaVine,SG,27,CHI,57,35.8,8.4,0.472,2.7,0.374,5.7,0.54,0.549,4.6,0.84,0.5,4.3,4.8,4.0,0.9,0.2,2.6,2.3,24.2,central
A.J. Lawson,SG,22,TOT,13,4.8,1.0,0.5,0.5,0.438,0.5,0.6,0.635,0.1,0.333,0.2,0.6,0.8,0.1,0.1,0.0,0.1,0.6,2.6,atlantico
A.J. Lawson,SG,22,MIN,1,2.0,1.0,1.0,0.0,0.3302053872053872,1.0,1.0,1.0,0.0,0.7460646853146854,0.0,1.0,1.0,0.0,0.0,0.0,0.0,1.0,2.0,noroeste
A.J. Lawson,SG,22,DAL,12,5.1,1.0,0.48,0.6,0.438,0.4,0.556,0.62,0.1,0.333,0.2,0.6,0.8,0.1,0.1,0.0,0.1,0.6,2.7,sudoeste
Damion Lee,SG,30,PHO,62,21.8,2.8,0.438,1.6,0.438,1.2,0.437,0.561,1.5,0.909,0.5,2.7,3.2,1.5,0.5,0.1,1.1,1.6,8.7,pacifico
Saben Lee,PG,23,TOT,20,14.7,1.9,0.44,0.4,0.368,1.5,0.462,0.482,1.7,0.756,0.5,1.3,1.8,2.7,0.8,0.1,1.2,1.4,5.8,atlantico
Saben Lee,PG,23,PHI,2,5.0,1.5,0.75,0.0,0.0,1.5,1.0,0.75,0.0,0.7460646853146854,0.0,0.0,0.0,1.0,0.5,0.0,1.5,0.5,3.0,atlantico
Saben Lee,PG,23,PHO,18,15.8,1.9,0.425,0.4,0.389,1.5,0.435,0.469,1.9,0.756,0.6,1.4,2.0,2.9,0.8,0.1,1.1,1.4,6.1,pacifico
Alex Len,C,29,SAC,14,3.4,0.4,0.5,0.0,0.0,0.4,0.556,0.5,0.2,0.75,0.3,0.8,1.1,0.4,0.0,0.0,0.4,0.7,0.9,pacifico
Kawhi Leonard,SF,31,LAC,36,32.9,8.4,0.51,1.8,0.405,6.6,0.55,0.566,4.4,0.869,1.2,5.0,6.1,4.0,1.4,0.6,1.5,1.6,23.0,pacifico
Meyers Leonard,C,30,MIL,2,10.0,1.0,0.4,1.0,0.5,0.0,0.0,0.6,1.0,1.0,1.0,2.0,3.0,0.0,0.5,0.0,0.5,1.5,4.0,central
Caris LeVert,SG,28,CLE,58,30.0,4.2,0.411,1.5,0.36,2.7,0.446,0.485,1.8,0.72,0.7,3.2,3.9,4.0,0.8,0.2,1.6,2.2,11.6,central
Kira Lewis Jr.,PG,21,NOP,15,10.6,2.0,0.492,0.7,0.455,1.3,0.513,0.574,0.9,0.933,0.3,1.7,1.9,1.0,0.3,0.1,0.5,1.1,5.6,sudoeste
Damian Lillard,PG,32,POR,47,36.3,9.7,0.472,4.3,0.381,5.4,0.583,0.577,8.5,0.919,0.6,3.7,4.3,7.2,0.8,0.3,3.2,1.9,32.3,noroeste
Nassir Little,SF,22,POR,39,17.3,2.4,0.48,1.2,0.426,1.2,0.545,0.597,0.6,0.657,0.5,2.2,2.6,1.0,0.4,0.4,0.5,1.1,6.6,noroeste
Isaiah Livers,PF,24,DET,40,21.0,1.9,0.407,1.3,0.369,0.6,0.537,0.549,0.6,0.786,0.5,1.8,2.3,0.6,0.5,0.6,0.6,1.9,5.6,central
Kenneth Lofton Jr.,PF,20,MEM,9,3.9,0.9,0.4,0.0,0.0,0.9,0.5,0.4,0.3,0.6,0.1,0.4,0.6,0.6,0.1,0.0,0.2,0.6,2.1,sudoeste
Kevon Looney,C,26,GSW,61,23.5,2.9,0.659,0.0,0.3302053872053872,2.9,0.659,0.659,1.1,0.607,3.1,6.0,9.1,2.5,0.5,0.6,0.5,2.9,6.9,pacifico
Brook Lopez,C,34,MIL,59,30.4,5.6,0.509,1.8,0.372,3.8,0.619,0.592,1.7,0.766,2.0,4.7,6.6,1.2,0.5,2.4,1.4,2.5,14.7,central
Robin Lopez,C,34,CLE,32,7.7,1.2,0.655,0.1,0.667,1.1,0.655,0.672,0.4,0.75,0.6,0.7,1.3,0.4,0.0,0.1,0.7,1.0,2.8,central
Kevin Love,PF,34,TOT,44,20.2,2.7,0.383,1.7,0.346,1.0,0.468,0.503,1.3,0.892,1.0,5.9,7.0,1.9,0.2,0.2,1.1,1.6,8.4,atlantico
Kevin Love,PF,34,CLE,41,20.0,2.7,0.389,1.7,0.354,1.0,0.467,0.511,1.4,0.889,1.0,5.8,6.8,1.9,0.2,0.2,1.1,1.6,8.5,central
Kevin Love,PF,34,MIA,3,23.0,2.3,0.304,1.7,0.263,0.7,0.5,0.413,0.7,1.0,1.0,7.7,8.7,2.7,0.7,0.7,0.3,2.0,7.0,sudeste
Kyle Lowry,PG,36,MIA,44,33.3,3.8,0.396,2.0,0.333,1.8,0.503,0.501,2.3,0.855,0.9,3.5,4.3,5.3,1.1,0.4,2.0,2.8,12.0,sudeste
Trey Lyles,PF,27,SAC,54,16.2,2.5,0.476,1.1,0.368,1.4,0.618,0.58,1.3,0.812,0.9,2.7,3.6,0.9,0.4,0.4,0.8,1.2,7.4,pacifico
ThÃ©o Maledon,PG,21,CHO,36,16.1,1.8,0.414,0.6,0.333,1.2,0.468,0.481,1.4,0.875,0.3,2.1,2.4,2.4,0.8,0.2,1.0,1.0,5.6,sudeste
Sandro Mamukelashvili,C,23,MIL,24,9.0,0.8,0.328,0.3,0.219,0.5,0.462,0.388,0.5,0.667,0.8,1.6,2.3,0.7,0.2,0.2,0.4,0.8,2.4,central
Terance Mann,SG,26,LAC,62,23.5,3.5,0.525,1.0,0.392,2.6,0.602,0.597,1.1,0.775,1.0,2.8,3.7,2.2,0.5,0.3,0.9,1.9,9.2,pacifico
Tre Mann,PG,21,OKC,54,18.2,3.0,0.389,1.3,0.309,1.8,0.477,0.47,0.5,0.7,0.4,1.9,2.3,1.6,0.6,0.2,0.9,1.5,7.9,noroeste
Boban MarjanoviÄ‡,C,34,HOU,20,4.5,1.3,0.676,0.0,0.0,1.3,0.694,0.676,0.8,0.762,0.6,1.1,1.6,0.2,0.1,0.1,0.3,0.2,3.3,sudoeste
Lauri Markkanen,SF,25,UTA,56,34.4,8.5,0.513,3.0,0.408,5.5,0.599,0.605,5.1,0.883,1.8,6.7,8.5,1.8,0.6,0.6,1.9,2.1,25.2,noroeste
Naji Marshall,SF,25,NOP,57,24.6,3.3,0.428,1.0,0.311,2.4,0.506,0.49,1.8,0.778,0.7,3.0,3.7,2.5,0.8,0.2,1.2,1.5,9.5,sudoeste
Caleb Martin,PF,27,MIA,52,30.1,3.8,0.453,1.3,0.362,2.4,0.525,0.533,1.3,0.774,1.3,3.8,5.2,1.6,1.0,0.4,1.1,2.1,10.1,sudeste
Cody Martin,SF,27,CHO,7,19.1,2.0,0.389,0.4,0.214,1.6,0.5,0.431,0.6,0.571,1.1,2.3,3.4,1.6,0.6,0.1,0.3,1.9,5.0,sudeste
Kenyon Martin Jr.,SF,22,HOU,60,26.6,4.6,0.559,0.9,0.319,3.8,0.674,0.611,1.7,0.658,1.5,4.1,5.6,1.6,0.5,0.4,1.2,1.8,11.8,sudoeste
Tyrese Martin,SG,23,ATL,13,3.5,0.5,0.375,0.1,0.2,0.4,0.455,0.406,0.2,1.0,0.2,0.3,0.5,0.0,0.1,0.0,0.1,0.2,1.2,sudeste
Garrison Mathews,SG,26,TOT,47,12.9,1.3,0.357,1.1,0.346,0.1,0.467,0.515,0.9,0.911,0.2,1.1,1.3,0.5,0.5,0.1,0.4,1.2,4.6,atlantico
Garrison Mathews,SG,26,HOU,45,13.4,1.3,0.353,1.2,0.342,0.2,0.467,0.509,0.9,0.911,0.2,1.2,1.4,0.5,0.5,0.1,0.4,1.2,4.8,sudoeste
Garrison Mathews,SG,26,ATL,2,3.0,0.5,1.0,0.5,1.0,0.0,0.5301821138211382,1.5,0.0,0.7460646853146854,0.0,0.5,0.5,0.0,0.0,0.0,0.0,0.0,1.5,sudeste
Bennedict Mathurin,SF,20,IND,62,28.3,5.5,0.43,1.4,0.325,4.1,0.485,0.485,4.9,0.828,1.1,3.0,4.1,1.5,0.6,0.1,1.8,2.1,17.3,central
Wesley Matthews,SG,36,MIL,39,15.6,1.0,0.331,0.8,0.326,0.2,0.348,0.462,0.4,0.85,0.8,1.5,2.2,0.5,0.4,0.3,0.4,1.4,3.2,central
Tyrese Maxey,SG,22,PHI,41,32.5,7.0,0.452,2.3,0.384,4.8,0.494,0.525,3.1,0.811,0.4,2.3,2.8,3.5,0.8,0.1,1.4,2.2,19.5,atlantico
Miles McBride,PG,22,NYK,49,12.2,1.1,0.335,0.6,0.286,0.5,0.424,0.427,0.4,0.688,0.2,0.7,0.9,1.1,0.5,0.0,0.4,0.9,3.3,atlantico
CJ McCollum,SG,31,NOP,55,35.0,7.9,0.434,2.8,0.377,5.1,0.474,0.511,2.4,0.788,0.8,3.5,4.3,5.9,0.9,0.6,2.6,2.0,21.0,sudoeste
T.J. McConnell,PG,30,IND,59,19.5,3.3,0.523,0.3,0.419,3.0,0.536,0.547,0.7,0.854,0.6,2.4,2.9,5.0,1.0,0.1,1.8,1.3,7.6,central
Jaden McDaniels,PF,22,MIN,60,30.6,4.5,0.516,1.3,0.385,3.2,0.596,0.589,1.2,0.733,1.3,2.6,3.9,2.0,1.0,1.0,1.4,3.5,11.4,noroeste
Jalen McDaniels,SF,25,TOT,62,25.6,3.7,0.448,1.1,0.325,2.6,0.529,0.513,1.5,0.829,0.8,3.9,4.7,1.9,1.1,0.5,1.3,2.8,10.0,atlantico
Jalen McDaniels,SF,25,CHO,56,26.7,3.9,0.447,1.2,0.322,2.8,0.534,0.513,1.6,0.846,0.8,4.0,4.8,2.0,1.2,0.5,1.4,2.8,10.6,sudeste
Jalen McDaniels,SF,25,PHI,6,16.0,1.7,0.455,0.3,0.5,1.3,0.444,0.5,0.7,0.571,1.3,2.3,3.7,1.0,0.5,0.0,0.2,2.2,4.3,atlantico
Doug McDermott,SF,31,SAS,53,20.5,3.6,0.459,1.8,0.409,1.8,0.525,0.574,0.7,0.745,0.3,1.8,2.2,1.5,0.2,0.1,0.9,1.8,9.8,sudoeste
JaVale McGee,C,35,DAL,36,8.1,1.8,0.604,0.0,0.25,1.8,0.618,0.608,0.5,0.563,0.8,1.8,2.6,0.3,0.1,0.6,0.9,1.2,4.1,sudoeste
Bryce McGowens,SG,20,CHO,27,14.3,1.3,0.379,0.4,0.364,0.9,0.387,0.442,0.8,0.786,0.3,1.3,1.7,1.0,0.3,0.1,0.6,0.8,3.9,sudeste
Rodney McGruder,SG,31,DET,22,11.3,1.0,0.365,0.8,0.378,0.3,0.333,0.5,0.4,0.692,0.5,0.9,1.4,0.7,0.3,0.0,0.3,0.7,3.3,central
Jordan McLaughlin,PG,26,MIN,26,15.2,1.3,0.412,0.4,0.227,1.0,0.61,0.471,0.3,0.9,0.5,1.1,1.6,3.1,0.8,0.1,0.8,0.5,3.4,noroeste
De'Anthony Melton,PG,24,PHI,57,28.2,3.7,0.424,2.1,0.398,1.6,0.464,0.545,0.8,0.783,0.9,3.1,4.1,2.6,1.6,0.5,1.4,2.5,10.4,atlantico
Chimezie Metu,C,25,SAC,47,11.1,2.1,0.609,0.2,0.258,1.9,0.692,0.634,0.7,0.78,0.8,2.4,3.2,0.7,0.3,0.3,0.6,1.4,5.0,pacifico
Khris Middleton,SF,31,MIL,19,21.4,4.8,0.417,1.4,0.289,3.4,0.508,0.477,2.4,0.92,0.7,3.4,4.2,4.1,0.6,0.2,2.1,2.2,13.4,central
Patty Mills,PG,34,BRK,36,13.3,2.0,0.412,1.2,0.368,0.9,0.492,0.531,0.5,0.905,0.2,0.8,1.0,1.3,0.4,0.1,0.6,0.8,5.8,atlantico
Shake Milton,SG,26,PHI,56,20.7,3.3,0.493,0.7,0.383,2.6,0.537,0.547,1.4,0.846,0.5,2.1,2.6,2.9,0.3,0.2,1.3,1.6,8.8,atlantico
Josh Minott,SF,20,MIN,11,6.2,1.3,0.519,0.1,0.25,1.2,0.565,0.537,0.5,1.0,0.5,1.5,2.0,0.3,0.3,0.5,0.0,0.6,3.2,noroeste
Davion Mitchell,PG,24,SAC,59,17.8,2.2,0.447,0.8,0.326,1.4,0.556,0.524,0.3,0.8,0.2,1.1,1.3,2.2,0.5,0.2,0.8,1.4,5.5,pacifico
Donovan Mitchell,SG,26,CLE,53,35.4,9.5,0.479,3.7,0.389,5.8,0.561,0.571,4.5,0.876,0.9,3.1,4.0,4.8,1.5,0.4,2.7,2.4,27.2,central
Evan Mobley,PF,21,CLE,62,34.1,6.5,0.552,0.3,0.22,6.3,0.594,0.565,2.6,0.696,2.3,6.5,8.8,2.7,0.8,1.3,2.0,2.9,16.0,central
Isaiah Mobley,PF,23,CLE,9,2.9,0.4,0.5,0.1,0.5,0.3,0.5,0.563,0.0,0.7460646853146854,0.1,1.1,1.2,0.0,0.1,0.0,0.0,0.2,1.0,central
Chima Moneke,SF,27,SAC,2,4.0,0.5,0.5,0.0,0.3302053872053872,0.5,0.5,0.5,0.0,0.0,1.0,0.0,1.0,0.5,0.0,0.0,1.0,1.0,1.0,pacifico
Malik Monk,SG,24,SAC,57,22.8,4.9,0.455,1.8,0.344,3.1,0.558,0.537,2.4,0.901,0.5,2.1,2.6,3.8,0.6,0.2,2.0,1.6,14.0,pacifico
Moses Moody,SG,20,GSW,47,13.9,1.7,0.434,0.8,0.333,0.9,0.603,0.538,0.7,0.727,0.4,1.2,1.6,0.9,0.3,0.1,0.6,0.8,4.9,pacifico
Wendell Moore Jr.,SG,21,MIN,24,5.8,0.6,0.405,0.1,0.125,0.5,0.619,0.432,0.2,0.8,0.1,0.6,0.7,0.7,0.3,0.2,0.3,0.5,1.5,noroeste
Ja Morant,PG,23,MEM,50,32.6,9.6,0.463,1.6,0.317,7.9,0.512,0.502,6.2,0.741,1.1,4.8,5.9,8.1,1.1,0.3,3.5,1.7,27.0,sudoeste
Marcus Morris,PF,33,LAC,55,28.7,4.5,0.432,1.9,0.375,2.6,0.485,0.522,1.2,0.78,0.4,3.7,4.1,1.8,0.6,0.4,0.9,2.2,12.2,pacifico
Markieff Morris,PF,33,TOT,28,10.5,1.2,0.405,0.8,0.412,0.5,0.394,0.53,0.4,1.0,0.5,1.6,2.1,0.9,0.3,0.2,0.5,1.3,3.5,atlantico
Markieff Morris,PF,33,BRK,27,10.6,1.2,0.402,0.7,0.408,0.5,0.394,0.524,0.4,1.0,0.5,1.7,2.2,0.9,0.3,0.2,0.5,1.2,3.6,atlantico
Markieff Morris,PF,33,DAL,1,9.0,1.0,0.5,1.0,0.5,0.0,0.5301821138211382,0.75,0.0,0.7460646853146854,0.0,0.0,0.0,0.0,1.0,0.0,1.0,3.0,3.0,sudoeste
Monte Morris,PG,27,WAS,51,28.1,4.0,0.483,1.4,0.406,2.6,0.536,0.565,1.1,0.806,0.4,3.0,3.4,5.3,0.7,0.2,1.0,1.4,10.4,sudeste
Trey Murphy III,SF,22,NOP,59,29.1,4.4,0.475,2.1,0.389,2.2,0.603,0.591,1.8,0.908,0.8,2.8,3.6,1.3,1.0,0.5,0.8,2.0,12.7,sudoeste
Dejounte Murray,SG,26,ATL,56,36.4,8.4,0.467,2.1,0.367,6.4,0.512,0.524,2.0,0.837,0.7,4.8,5.5,6.1,1.5,0.3,2.3,1.4,20.9,sudeste
Jamal Murray,PG,25,DEN,48,32.6,7.3,0.451,2.4,0.384,4.8,0.494,0.526,3.0,0.827,0.8,3.3,4.1,6.0,1.0,0.2,2.1,1.4,19.9,noroeste
Keegan Murray,SF,22,SAC,58,29.7,4.3,0.447,2.5,0.414,1.8,0.502,0.576,0.9,0.8,1.1,3.4,4.6,1.1,0.8,0.6,0.8,1.9,12.0,pacifico
Mike Muscala,C,31,TOT,47,15.1,2.2,0.445,1.4,0.395,0.8,0.565,0.585,0.7,0.78,0.5,2.7,3.2,0.9,0.3,0.4,0.3,1.7,6.6,atlantico
Mike Muscala,C,31,OKC,43,14.5,2.1,0.438,1.3,0.394,0.8,0.541,0.576,0.7,0.795,0.5,2.6,3.1,0.9,0.3,0.4,0.3,1.6,6.2,noroeste
Mike Muscala,C,31,BOS,4,22.0,4.0,0.485,2.5,0.4,1.5,0.75,0.636,0.3,0.5,0.3,3.5,3.8,0.5,0.3,0.5,0.5,2.0,10.8,atlantico
Svi Mykhailiuk,SF,25,TOT,15,4.7,0.7,0.44,0.5,0.5,0.2,0.333,0.6,0.2,0.5,0.1,0.5,0.6,0.1,0.1,0.0,0.3,0.2,2.2,atlantico
Svi Mykhailiuk,SF,25,NYK,13,3.1,0.5,0.5,0.5,0.6,0.0,0.0,0.75,0.2,0.6,0.0,0.5,0.5,0.1,0.1,0.0,0.2,0.1,1.6,atlantico
Svi Mykhailiuk,SF,25,CHO,2,15.5,2.5,0.385,1.0,0.333,1.5,0.429,0.462,0.0,0.0,0.5,0.5,1.0,0.5,0.0,0.0,1.0,1.0,6.0,sudeste
Larry Nance Jr.,PF,30,NOP,50,22.3,3.2,0.616,0.3,0.342,3.0,0.662,0.641,1.0,0.676,1.8,4.1,5.9,1.9,0.9,0.7,0.7,2.1,7.7,sudoeste
Andrew Nembhard,SG,23,IND,55,26.9,3.2,0.422,1.2,0.34,2.0,0.493,0.501,0.5,0.867,0.5,2.2,2.7,4.1,1.0,0.2,1.7,2.6,8.1,central
Aaron Nesmith,SF,23,IND,55,24.6,3.3,0.416,1.5,0.349,1.9,0.49,0.508,1.6,0.87,0.8,2.9,3.8,1.2,0.8,0.4,0.9,3.4,9.7,central
Raul Neto,PG,30,CLE,41,10.2,1.1,0.517,0.3,0.333,0.8,0.642,0.584,0.6,0.92,0.2,0.8,1.0,1.4,0.4,0.1,0.3,0.9,3.1,central
Georges Niang,PF,29,PHI,58,19.4,3.0,0.442,2.1,0.401,0.9,0.578,0.596,0.5,0.875,0.3,2.1,2.4,1.1,0.4,0.2,0.7,1.9,8.5,atlantico
Daishen Nix,PG,20,HOU,43,16.0,1.4,0.349,0.8,0.315,0.6,0.406,0.448,0.5,0.71,0.3,1.4,1.7,2.5,0.7,0.1,1.4,1.0,4.1,sudoeste
Zeke Nnaji,PF,22,DEN,44,13.3,2.0,0.572,0.3,0.289,1.7,0.692,0.615,0.8,0.667,1.3,1.0,2.3,0.3,0.3,0.4,0.5,1.8,5.1,noroeste
Nerlens Noel,C,28,DET,14,10.9,0.9,0.4,0.1,0.5,0.8,0.393,0.417,0.5,0.7,0.5,2.1,2.6,0.5,0.9,0.6,0.6,1.8,2.3,central
Jaylen Nowell,SG,23,MIN,62,19.5,4.3,0.446,1.1,0.293,3.2,0.537,0.501,1.2,0.784,0.5,2.1,2.6,2.0,0.6,0.1,1.0,1.5,10.9,noroeste
Frank Ntilikina,PG,24,DAL,38,12.2,0.9,0.347,0.3,0.208,0.6,0.511,0.403,0.4,0.636,0.2,1.2,1.3,1.2,0.3,0.1,0.7,1.3,2.4,sudoeste
Kendrick Nunn,SG-PG,27,TOT,52,14.5,2.7,0.42,1.1,0.337,1.7,0.5,0.503,0.5,0.839,0.2,1.3,1.6,1.3,0.4,0.1,0.9,0.9,7.0,atlantico
Kendrick Nunn,SG,27,LAL,39,13.5,2.6,0.406,1.1,0.325,1.6,0.488,0.488,0.4,0.81,0.1,1.3,1.4,0.9,0.3,0.1,0.8,0.9,6.7,pacifico
Kendrick Nunn,PG,27,WAS,13,17.5,3.1,0.46,1.2,0.375,1.9,0.532,0.546,0.7,0.9,0.5,1.5,2.0,2.5,0.6,0.0,1.2,1.1,8.0,sudeste
Jusuf NurkiÄ‡,C,28,POR,45,27.3,5.2,0.524,0.9,0.39,4.3,0.563,0.568,2.6,0.686,2.3,7.2,9.4,2.9,0.9,0.9,2.4,3.6,13.8,noroeste
Jordan Nwora,SF,24,TOT,42,15.8,2.1,0.39,1.0,0.379,1.1,0.402,0.487,0.9,0.826,0.7,2.4,3.2,1.1,0.4,0.2,0.9,0.9,6.2,atlantico
Jordan Nwora,SF,24,MIL,38,15.7,2.0,0.386,1.1,0.392,0.9,0.379,0.487,1.0,0.86,0.8,2.3,3.1,1.0,0.3,0.2,0.9,0.9,6.0,central
Jordan Nwora,SF,24,IND,4,16.5,3.3,0.419,1.0,0.286,2.3,0.529,0.484,0.3,0.333,0.5,3.5,4.0,2.3,0.8,0.0,0.8,0.5,7.8,central
Royce O'Neale,SF,29,BRK,57,33.0,3.1,0.395,2.2,0.402,0.9,0.38,0.535,0.6,0.739,0.6,4.1,4.7,3.8,0.8,0.7,1.6,3.1,9.1,atlantico
Chuma Okeke,SF,24,ORL,19,21.3,1.7,0.364,0.9,0.295,0.7,0.519,0.466,0.8,0.762,1.1,3.0,4.1,1.4,0.6,0.5,0.5,1.8,5.2,sudeste
Josh Okogie,SG,24,PHO,52,15.6,2.1,0.424,0.8,0.345,1.4,0.486,0.5,1.5,0.699,1.5,1.8,3.3,1.2,0.7,0.4,0.9,1.5,6.6,pacifico
Onyeka Okongwu,C,22,ATL,59,24.1,3.9,0.635,0.0,0.2,3.9,0.641,0.636,1.5,0.746,2.6,4.7,7.4,1.0,0.7,1.3,1.0,3.3,9.4,sudeste
Isaac Okoro,SF,22,CLE,64,21.2,2.3,0.491,0.8,0.355,1.5,0.618,0.577,1.0,0.736,0.7,1.9,2.6,1.1,0.7,0.4,0.6,1.9,6.3,central
KZ Okpala,PF,23,SAC,35,7.1,0.5,0.421,0.2,0.333,0.3,0.529,0.513,0.2,0.875,0.2,0.8,1.0,0.4,0.2,0.2,0.2,1.1,1.3,pacifico
Victor Oladipo,SG,30,MIA,29,27.6,3.8,0.396,1.4,0.292,2.4,0.496,0.468,1.5,0.754,0.4,2.9,3.3,3.7,1.6,0.2,1.9,2.4,10.4,sudeste
Kelly Olynyk,C,31,UTA,50,28.2,4.0,0.495,1.5,0.41,2.6,0.561,0.585,2.6,0.842,1.3,4.1,5.4,3.3,1.0,0.6,2.2,3.8,12.1,noroeste
Eugene Omoruyi,SF,25,OKC,23,11.8,1.9,0.468,0.3,0.258,1.6,0.571,0.511,0.7,0.607,1.0,1.3,2.3,0.5,0.6,0.0,0.7,2.0,4.9,noroeste
Cedi Osman,SF,27,CLE,60,21.0,3.3,0.453,1.4,0.348,1.8,0.591,0.552,1.0,0.659,0.3,2.0,2.3,1.6,0.5,0.1,0.7,1.6,8.9,central
Kelly Oubre Jr.,SF,27,CHO,38,31.9,7.3,0.423,2.2,0.31,5.1,0.504,0.488,2.9,0.73,1.4,3.7,5.1,1.1,1.5,0.3,1.3,3.0,19.7,sudeste
Chris Paul,PG,37,PHO,41,32.1,4.8,0.429,1.6,0.376,3.3,0.459,0.498,2.6,0.817,0.4,3.8,4.2,8.9,1.5,0.4,2.1,2.2,13.8,pacifico
Cameron Payne,PG,28,PHO,30,23.2,4.4,0.41,1.7,0.381,2.7,0.432,0.489,1.3,0.736,0.3,2.0,2.4,4.9,0.9,0.2,2.0,2.1,11.9,pacifico
Gary Payton II,PG,30,POR,15,17.0,1.6,0.585,0.6,0.529,1.0,0.625,0.695,0.3,1.0,0.7,1.9,2.6,1.5,1.1,0.1,0.8,1.9,4.1,noroeste
Theo Pinson,SG,27,DAL,33,7.2,0.6,0.339,0.5,0.357,0.2,0.294,0.466,0.3,0.818,0.2,0.9,1.2,0.9,0.1,0.0,0.3,0.7,1.9,sudoeste
Scotty Pippen Jr.,PG,22,LAL,6,5.3,0.7,0.333,0.2,0.333,0.5,0.333,0.375,0.8,0.556,0.3,0.3,0.7,0.3,0.3,0.2,0.3,0.5,2.3,pacifico
Mason Plumlee,C,32,TOT,60,28.1,4.6,0.677,0.0,0.3302053872053872,4.6,0.677,0.677,2.8,0.615,3.2,6.3,9.5,3.6,0.6,0.6,1.5,2.9,11.9,atlantico
Mason Plumlee,C,32,CHO,56,28.5,4.7,0.669,0.0,0.3302053872053872,4.7,0.669,0.669,2.8,0.605,3.3,6.3,9.7,3.7,0.6,0.6,1.6,2.9,12.2,sudeste
Mason Plumlee,C,32,LAC,4,21.8,2.5,1.0,0.0,0.3302053872053872,2.5,1.0,1.0,2.8,0.786,1.5,6.3,7.8,2.8,0.8,0.8,1.3,3.0,7.8,pacifico
Jakob Poeltl,C,27,TOT,52,26.2,5.3,0.632,0.0,0.0,5.3,0.633,0.632,1.7,0.586,3.3,5.8,9.1,3.0,0.9,1.2,1.9,2.7,12.3,atlantico
Jakob Poeltl,C,27,SAS,46,26.1,5.2,0.616,0.0,0.0,5.2,0.618,0.616,1.7,0.605,3.3,5.7,9.0,3.1,0.8,1.1,2.1,2.6,12.1,sudoeste
Jakob Poeltl,C,27,TOR,6,27.2,6.2,0.755,0.0,0.3302053872053872,6.2,0.755,0.755,1.8,0.478,3.5,6.3,9.8,2.3,1.7,2.0,0.8,3.7,14.2,atlantico
Aleksej Pokusevski,PF,21,OKC,31,21.8,3.5,0.44,1.2,0.376,2.2,0.486,0.519,0.7,0.636,1.5,3.6,5.1,2.0,0.6,1.3,1.3,1.8,8.8,noroeste
Jordan Poole,PG,23,GSW,61,30.7,7.0,0.432,2.6,0.33,4.4,0.532,0.514,4.1,0.862,0.4,2.4,2.8,4.6,0.8,0.2,3.3,2.7,20.7,pacifico
Kevin Porter Jr.,PG,22,HOU,40,34.0,6.7,0.437,2.2,0.346,4.5,0.501,0.509,3.5,0.766,1.4,4.1,5.5,5.6,1.3,0.4,3.6,2.7,19.2,sudoeste
Michael Porter Jr.,SF,24,DEN,45,29.3,6.3,0.48,3.0,0.409,3.3,0.569,0.594,1.5,0.8,0.9,4.5,5.4,1.0,0.6,0.5,1.1,2.2,17.0,noroeste
Otto Porter Jr.,SF,29,TOR,8,18.3,1.9,0.5,0.8,0.353,1.1,0.692,0.6,1.0,1.0,0.8,1.6,2.4,1.0,1.4,0.0,0.5,0.9,5.5,atlantico
Bobby Portis,PF,27,MIL,49,26.6,5.9,0.501,1.2,0.339,4.7,0.57,0.552,1.3,0.844,2.6,7.4,10.0,1.8,0.4,0.2,1.2,1.7,14.4,central
Kristaps PorziÅ†Ä£is,C,27,WAS,51,32.6,7.4,0.487,2.1,0.376,5.3,0.549,0.555,5.9,0.846,1.9,6.7,8.6,2.5,0.9,1.5,2.2,3.1,22.8,sudeste
Micah Potter,PF,24,UTA,3,4.7,0.7,1.0,0.0,0.3302053872053872,0.7,1.0,1.0,0.0,0.7460646853146854,0.3,0.7,1.0,0.7,0.0,0.0,0.0,0.7,1.3,noroeste
Dwight Powell,C,31,DAL,57,19.9,2.6,0.725,0.0,0.0,2.6,0.736,0.725,1.6,0.691,2.1,2.3,4.4,0.8,0.7,0.4,0.9,2.9,6.8,sudoeste
Norman Powell,SG,29,LAC,52,25.9,5.7,0.484,2.1,0.423,3.6,0.528,0.572,3.6,0.804,0.4,2.6,3.0,1.8,0.8,0.3,1.7,2.0,17.0,pacifico
Jason Preston,PG,23,LAC,13,9.4,1.4,0.439,0.4,0.278,1.0,0.565,0.5,0.0,0.0,0.2,1.5,1.7,2.1,0.2,0.0,0.8,0.5,3.2,pacifico
Joshua Primo,SG,20,SAS,4,23.3,2.3,0.346,0.8,0.25,1.5,0.429,0.404,1.8,0.778,0.5,2.8,3.3,4.5,0.3,0.5,2.8,2.0,7.0,sudoeste
Taurean Prince,SF,28,MIN,37,21.3,3.2,0.496,1.4,0.397,1.8,0.609,0.602,0.8,0.833,0.3,2.1,2.4,1.6,0.5,0.4,1.2,2.4,8.5,noroeste
Payton Pritchard,PG,25,BOS,43,12.5,1.8,0.402,1.0,0.342,0.9,0.5,0.508,0.2,0.692,0.5,1.0,1.5,1.0,0.3,0.0,0.7,0.8,4.8,atlantico
Trevelin Queen,SG,25,IND,7,10.0,1.0,0.241,0.3,0.133,0.7,0.357,0.276,0.7,1.0,1.1,1.3,2.4,0.9,0.3,0.7,1.0,0.6,3.0,central
Neemias Queta,C,23,SAC,4,6.3,1.5,0.75,0.0,0.3302053872053872,1.5,0.75,0.75,0.0,0.0,1.0,1.3,2.3,0.3,0.0,0.3,0.3,1.8,3.0,pacifico
Immanuel Quickley,PG,23,NYK,62,27.8,4.5,0.442,1.8,0.358,2.7,0.521,0.529,2.1,0.822,0.7,3.4,4.0,3.1,0.8,0.2,1.1,2.0,12.9,atlantico
Julius Randle,PF,28,NYK,63,35.8,8.5,0.463,2.8,0.345,5.7,0.556,0.539,5.3,0.758,2.1,8.4,10.5,4.1,0.7,0.3,2.8,3.0,25.1,atlantico
Austin Reaves,SG,24,LAL,43,27.7,3.4,0.502,1.2,0.376,2.2,0.62,0.593,2.6,0.873,0.6,2.4,3.0,2.2,0.5,0.3,1.3,1.7,10.6,pacifico
Cam Reddish,SF,23,TOT,25,22.9,3.3,0.451,1.1,0.326,2.2,0.561,0.527,1.6,0.907,0.4,1.3,1.7,1.3,0.9,0.4,0.8,1.7,9.3,atlantico
Cam Reddish,SF,23,NYK,20,21.9,3.1,0.449,0.9,0.304,2.2,0.55,0.511,1.5,0.879,0.4,1.2,1.6,1.0,0.8,0.4,0.8,1.6,8.4,atlantico
Cam Reddish,SF,23,POR,5,27.0,4.4,0.458,2.2,0.367,2.2,0.611,0.573,2.0,1.0,0.6,1.8,2.4,2.6,1.6,0.2,1.2,2.2,13.0,noroeste
Davon Reed,SG,27,TOT,38,8.8,0.7,0.329,0.4,0.378,0.3,0.27,0.433,0.4,0.667,0.3,1.3,1.5,0.6,0.4,0.1,0.5,1.0,2.3,atlantico
Davon Reed,SG,27,DEN,35,9.0,0.7,0.313,0.5,0.364,0.3,0.25,0.413,0.4,0.75,0.3,1.3,1.6,0.5,0.4,0.1,0.6,1.0,2.3,noroeste
Davon Reed,SG,27,LAL,3,6.0,0.7,1.0,0.3,1.0,0.3,1.0,1.25,0.3,0.25,0.3,0.7,1.0,0.7,0.3,0.0,0.0,0.3,2.0,pacifico
Paul Reed,C,23,PHI,47,9.5,1.3,0.573,0.0,0.0,1.3,0.594,0.573,0.4,0.75,1.2,1.9,3.1,0.3,0.6,0.6,0.6,1.8,3.1,atlantico
Naz Reid,C,23,MIN,55,18.1,4.3,0.529,1.0,0.329,3.2,0.658,0.594,1.1,0.667,1.1,3.7,4.9,1.1,0.6,0.9,1.3,2.5,10.6,noroeste
Jared Rhoden,SG,23,DET,1,12.0,1.0,0.333,0.0,0.0,1.0,0.5,0.333,0.0,0.7460646853146854,0.0,1.0,1.0,0.0,0.0,0.0,0.0,3.0,2.0,central
Nick Richards,C,25,CHO,48,17.4,3.0,0.607,0.0,0.3302053872053872,3.0,0.607,0.607,2.1,0.733,2.4,3.4,5.8,0.5,0.2,1.0,0.8,2.3,8.0,sudeste
Josh Richardson,SG,29,TOT,47,24.2,4.2,0.439,1.7,0.349,2.5,0.535,0.529,1.3,0.861,0.7,2.1,2.8,3.2,1.2,0.3,1.5,1.9,11.4,atlantico
Josh Richardson,SG,29,SAS,42,23.7,4.2,0.436,1.8,0.357,2.5,0.518,0.527,1.3,0.883,0.7,2.1,2.8,3.3,1.0,0.3,1.5,1.7,11.5,sudoeste
Josh Richardson,SG,29,NOP,5,28.4,3.8,0.475,1.2,0.273,2.6,0.722,0.55,1.8,0.75,0.2,2.2,2.4,2.8,3.2,0.6,1.2,3.8,10.6,sudoeste
Austin Rivers,SG,30,MIN,48,20.8,1.9,0.446,0.9,0.355,1.0,0.578,0.551,0.6,0.769,0.1,1.6,1.7,1.5,0.6,0.1,0.5,1.7,5.3,noroeste
Duncan Robinson,SF,28,MIA,31,17.7,2.2,0.356,1.6,0.32,0.6,0.514,0.487,0.6,0.909,0.3,1.6,1.9,1.2,0.4,0.0,0.7,2.0,6.5,sudeste
Mitchell Robinson,C,24,NYK,41,27.1,3.2,0.696,0.0,0.3302053872053872,3.2,0.696,0.696,1.0,0.482,4.2,4.9,9.2,0.9,0.9,1.8,0.5,2.9,7.5,atlantico
Orlando Robinson,C,22,MIA,29,13.7,1.6,0.535,0.0,0.0,1.6,0.568,0.535,0.7,0.724,1.5,2.6,4.1,0.7,0.4,0.4,0.5,1.8,3.9,sudeste
Jeremiah Robinson-Earl,PF,22,OKC,31,20.1,2.9,0.464,1.0,0.341,2.0,0.565,0.541,0.9,0.794,1.8,2.8,4.5,1.0,0.7,0.4,0.5,1.7,7.7,noroeste
Isaiah Roby,PF,24,SAS,42,11.3,1.6,0.432,0.4,0.3,1.2,0.516,0.49,0.5,0.488,0.5,2.0,2.5,0.9,0.4,0.2,0.7,1.3,4.1,sudoeste
David Roddy,PF,21,MEM,48,17.4,2.4,0.421,0.8,0.292,1.6,0.551,0.495,0.6,0.625,0.6,2.0,2.6,0.6,0.5,0.3,0.9,1.5,6.3,sudoeste
Ryan Rollins,PG,20,GSW,12,5.2,0.6,0.35,0.3,0.333,0.3,0.364,0.425,0.5,1.0,0.3,0.8,1.0,0.5,0.1,0.1,1.3,0.8,1.9,pacifico
Derrick Rose,PG,34,NYK,27,12.5,2.3,0.384,0.7,0.302,1.6,0.438,0.443,0.4,0.917,0.3,1.2,1.5,1.7,0.3,0.2,0.8,0.7,5.6,atlantico
Terrence Ross,SG,31,TOT,45,22.4,3.2,0.433,1.5,0.373,1.7,0.503,0.534,0.4,0.727,0.2,1.9,2.2,1.3,0.6,0.2,0.8,1.4,8.1,atlantico
Terrence Ross,SG,31,ORL,42,22.5,3.1,0.431,1.5,0.381,1.6,0.489,0.533,0.4,0.75,0.2,1.8,2.0,1.3,0.6,0.2,0.9,1.3,8.0,sudeste
Terrence Ross,SG,31,PHO,3,21.7,4.3,0.448,1.7,0.294,2.7,0.667,0.534,0.3,0.5,0.3,3.7,4.0,2.0,0.3,0.0,0.0,2.7,10.7,pacifico
Terry Rozier,SG,28,CHO,52,35.6,7.9,0.414,2.7,0.329,5.2,0.478,0.484,2.9,0.827,0.9,3.3,4.2,4.8,1.1,0.3,2.1,1.9,21.4,sudeste
Ricky Rubio,PG,32,CLE,16,16.7,1.7,0.307,0.8,0.265,0.9,0.359,0.381,0.9,0.75,0.3,2.1,2.3,3.5,1.1,0.1,0.8,1.6,5.1,central
D'Angelo Russell,PG,26,TOT,58,32.4,6.2,0.464,2.7,0.389,3.5,0.543,0.564,2.6,0.85,0.5,2.6,3.1,6.1,1.1,0.4,2.6,2.1,17.6,atlantico
D'Angelo Russell,PG,26,MIN,54,32.9,6.3,0.465,2.7,0.391,3.5,0.546,0.567,2.6,0.856,0.5,2.5,3.1,6.2,1.1,0.4,2.7,2.2,17.9,noroeste
D'Angelo Russell,PG,26,LAL,4,24.8,4.8,0.442,1.5,0.353,3.3,0.5,0.512,2.5,0.769,0.5,3.0,3.5,5.0,0.3,0.0,1.5,1.3,13.5,pacifico
Matt Ryan,SF,25,TOT,32,9.5,1.3,0.374,1.0,0.386,0.3,0.333,0.523,0.3,0.833,0.1,0.7,0.8,0.5,0.2,0.0,0.2,0.8,3.8,atlantico
Matt Ryan,SF,25,LAL,12,10.8,1.3,0.306,1.1,0.371,0.2,0.143,0.439,0.3,0.8,0.2,1.0,1.2,0.3,0.2,0.0,0.3,1.2,3.9,pacifico
Matt Ryan,SF,25,MIN,20,8.7,1.3,0.431,1.0,0.396,0.3,0.6,0.595,0.3,0.857,0.1,0.5,0.6,0.6,0.2,0.1,0.2,0.7,3.8,noroeste
Domantas Sabonis,C,26,SAC,58,34.5,7.1,0.611,0.4,0.348,6.6,0.642,0.629,4.2,0.767,3.0,9.4,12.4,6.9,0.9,0.4,3.0,3.7,18.7,pacifico
Dario Å ariÄ‡,PF,28,TOT,41,14.1,2.0,0.432,0.7,0.39,1.3,0.461,0.51,1.0,0.843,1.0,2.7,3.7,1.5,0.3,0.1,1.0,1.9,5.8,atlantico
Dario Å ariÄ‡,PF,28,PHO,37,14.4,2.1,0.427,0.7,0.391,1.3,0.45,0.503,1.0,0.818,1.1,2.8,3.8,1.5,0.4,0.1,1.0,1.9,5.8,pacifico
Dario Å ariÄ‡,PF,28,OKC,4,11.5,1.8,0.5,0.8,0.375,1.0,0.667,0.607,1.8,1.0,0.8,2.0,2.8,0.8,0.3,0.0,1.5,1.8,6.0,noroeste
Jordan Schakel,SF,24,WAS,2,3.0,0.5,0.5,0.5,1.0,0.0,0.0,0.75,0.0,0.7460646853146854,0.0,0.0,0.0,0.5,0.5,0.0,0.0,0.5,1.5,sudeste
Admiral Schofield,PF,25,ORL,28,12.6,1.6,0.478,0.6,0.333,0.9,0.684,0.576,0.6,0.895,0.7,1.2,1.9,0.8,0.2,0.1,0.2,1.9,4.4,sudeste
Dennis SchrÃ¶der,PG,29,LAL,47,30.7,4.0,0.424,1.2,0.342,2.9,0.47,0.485,3.2,0.873,0.3,2.3,2.5,4.3,0.7,0.1,1.6,2.2,12.5,pacifico
Dereon Seabron,SG,22,NOP,5,2.4,0.4,0.4,0.0,0.3302053872053872,0.4,0.4,0.4,0.0,0.7460646853146854,0.2,0.0,0.2,0.0,0.0,0.0,0.0,0.2,0.8,sudoeste
Alperen ÅžengÃ¼n,C,20,HOU,55,28.1,5.9,0.554,0.2,0.333,5.7,0.57,0.565,3.0,0.751,3.2,5.5,8.8,3.8,0.8,0.9,2.5,3.4,15.0,sudoeste
Collin Sexton,SG,24,UTA,47,24.0,4.9,0.507,1.0,0.41,3.9,0.54,0.559,3.4,0.822,0.8,1.4,2.2,2.9,0.6,0.1,1.8,2.3,14.3,noroeste
Landry Shamet,SG,25,PHO,30,21.4,3.1,0.38,2.0,0.377,1.0,0.388,0.506,1.4,0.911,0.3,1.4,1.7,2.2,0.6,0.2,1.0,1.5,9.5,pacifico
Day'Ron Sharpe,C,21,BRK,33,10.4,1.7,0.545,0.1,0.667,1.5,0.537,0.564,0.5,0.593,1.7,2.2,3.8,0.8,0.2,0.5,0.9,1.9,3.9,atlantico
Shaedon Sharpe,SG,19,POR,59,20.2,3.2,0.471,1.0,0.347,2.2,0.561,0.544,0.5,0.667,0.8,1.7,2.5,0.6,0.4,0.3,0.7,1.6,7.9,noroeste
Pascal Siakam,C,28,TOR,52,37.5,9.1,0.479,1.4,0.349,7.6,0.515,0.517,5.7,0.768,1.8,5.9,7.7,6.1,0.8,0.6,2.5,3.3,25.3,atlantico
Chris Silva,PF,26,DAL,1,3.0,1.0,1.0,0.0,0.3302053872053872,1.0,1.0,1.0,0.0,0.7460646853146854,0.0,0.0,0.0,0.0,0.0,0.0,1.0,2.0,2.0,sudoeste
Ben Simmons,PG,26,BRK,42,26.3,3.2,0.566,0.0,0.0,3.2,0.571,0.566,0.6,0.439,1.0,5.3,6.3,6.1,1.3,0.6,2.3,3.3,6.9,atlantico
Marko Simonovic,C,23,CHI,3,1.7,0.0,0.0,0.0,0.0,0.0,0.5301821138211382,0.0,0.0,0.7460646853146854,0.0,0.0,0.0,0.0,0.0,0.0,0.0,0.3,0.0,central
Anfernee Simons,SG,23,POR,56,35.5,7.6,0.45,3.5,0.381,4.1,0.532,0.553,2.6,0.913,0.3,2.4,2.7,4.2,0.7,0.2,2.2,2.4,21.4,noroeste
Jericho Sims,C,24,NYK,48,16.1,1.7,0.769,0.0,0.0,1.7,0.777,0.769,0.3,0.75,1.9,2.9,4.8,0.5,0.3,0.6,0.5,1.9,3.6,atlantico
Marcus Smart,PG,28,BOS,45,32.3,4.1,0.426,1.8,0.329,2.3,0.547,0.517,1.4,0.768,0.7,2.8,3.5,6.8,1.4,0.4,2.4,2.6,11.3,atlantico
Dennis Smith Jr.,PG,25,CHO,41,25.3,3.4,0.425,0.4,0.218,3.0,0.49,0.451,1.3,0.761,0.4,2.3,2.7,4.4,1.4,0.4,1.5,2.2,8.5,sudeste
Dru Smith,SG,25,TOT,8,12.1,1.3,0.435,0.3,0.2,1.0,0.615,0.478,0.0,0.7460646853146854,0.1,1.8,1.9,1.3,1.0,0.4,0.3,1.6,2.8,atlantico
Dru Smith,SG,25,MIA,5,13.4,1.0,0.357,0.2,0.167,0.8,0.5,0.393,0.0,0.7460646853146854,0.2,1.6,1.8,1.0,0.8,0.6,0.2,2.0,2.2,sudeste
Dru Smith,SG,25,BRK,3,10.0,1.7,0.556,0.3,0.25,1.3,0.8,0.611,0.0,0.7460646853146854,0.0,2.0,2.0,1.7,1.3,0.0,0.3,1.0,3.7,atlantico
Ish Smith,PG,34,DEN,31,10.2,1.4,0.424,0.1,0.333,1.3,0.43,0.434,0.0,0.5,0.1,1.3,1.4,2.4,0.2,0.2,1.2,0.9,2.8,noroeste
Jabari Smith Jr.,PF,19,HOU,57,30.1,4.2,0.384,1.6,0.297,2.6,0.464,0.455,2.0,0.788,1.3,5.8,7.1,1.2,0.5,1.0,1.5,2.9,12.0,sudoeste
Jalen Smith,PF,22,IND,52,18.2,3.4,0.46,0.8,0.276,2.6,0.58,0.514,1.5,0.76,1.8,3.8,5.6,0.9,0.3,0.8,1.1,2.1,9.0,central
Jeremy Sochan,PF,19,SAS,49,26.0,4.1,0.448,0.6,0.261,3.6,0.509,0.48,1.3,0.695,1.7,3.2,4.9,2.5,0.7,0.4,1.7,2.5,10.2,sudoeste
Jaden Springer,SG,20,PHI,7,3.7,1.0,0.583,0.0,0.3302053872053872,1.0,0.583,0.583,0.4,0.75,0.6,0.4,1.0,0.1,0.3,0.3,0.1,1.0,2.4,atlantico
Lamar Stevens,PF,25,CLE,45,17.4,2.0,0.457,0.4,0.303,1.6,0.534,0.508,0.6,0.718,0.6,2.4,3.0,0.6,0.4,0.3,0.5,1.2,5.1,central
Isaiah Stewart,C,21,DET,50,28.3,3.9,0.442,1.3,0.327,2.6,0.542,0.518,2.2,0.738,2.3,5.8,8.1,1.4,0.4,0.7,1.4,2.7,11.3,central
Max Strus,SF,26,MIA,60,29.9,4.3,0.399,2.5,0.336,1.8,0.55,0.517,1.2,0.875,0.7,2.8,3.6,2.2,0.6,0.2,1.0,2.2,12.3,sudeste
Jalen Suggs,PG,21,ORL,37,23.0,3.3,0.411,1.1,0.304,2.2,0.503,0.482,1.6,0.707,0.9,1.9,2.8,3.3,1.2,0.5,1.9,2.4,9.4,sudeste
Edmond Sumner,SG,27,BRK,46,14.5,2.5,0.459,0.6,0.346,1.8,0.515,0.516,1.9,0.926,0.2,1.3,1.6,1.4,0.7,0.2,1.0,1.7,7.4,atlantico
Cole Swider,SF,23,LAL,6,6.7,0.5,0.333,0.5,0.375,0.0,0.0,0.5,0.0,0.7460646853146854,0.2,1.0,1.2,0.7,0.0,0.0,0.0,0.5,1.5,pacifico
Jae'Sean Tate,SF,27,HOU,22,21.5,3.4,0.468,0.4,0.29,3.0,0.512,0.497,1.3,0.667,1.5,2.2,3.7,2.6,0.6,0.2,1.6,3.3,8.4,sudoeste
Jayson Tatum,PF,24,BOS,58,37.3,9.8,0.46,3.3,0.351,6.5,0.544,0.536,7.2,0.864,1.1,7.6,8.7,4.7,1.0,0.8,3.0,2.1,30.1,atlantico
Terry Taylor,PF,23,TOT,27,8.6,1.2,0.478,0.1,0.222,1.0,0.571,0.507,0.2,0.714,0.8,0.6,1.4,0.4,0.1,0.2,0.3,0.9,2.7,atlantico
Terry Taylor,PF,23,IND,26,8.8,1.2,0.462,0.2,0.222,1.0,0.553,0.492,0.2,0.714,0.8,0.7,1.5,0.4,0.1,0.2,0.3,0.9,2.7,central
Terry Taylor,PF,23,CHI,1,4.0,2.0,1.0,0.0,0.3302053872053872,2.0,1.0,1.0,0.0,0.7460646853146854,0.0,0.0,0.0,0.0,0.0,0.0,0.0,1.0,4.0,central
Garrett Temple,SG,36,NOP,19,7.0,0.8,0.405,0.5,0.429,0.3,0.375,0.527,0.2,0.75,0.1,0.5,0.6,0.5,0.5,0.1,0.2,0.7,2.2,sudoeste
Dalen Terry,SG,20,CHI,25,5.1,0.7,0.45,0.2,0.333,0.5,0.52,0.513,0.2,0.5,0.3,0.5,0.8,0.6,0.2,0.2,0.2,0.4,1.8,central
Daniel Theis,C,30,IND,7,15.6,3.0,0.477,0.3,0.182,2.7,0.576,0.5,0.7,0.417,1.0,2.1,3.1,1.3,0.3,0.9,0.4,1.0,7.0,central
Cam Thomas,SG,21,BRK,43,17.2,3.7,0.454,0.9,0.412,2.8,0.47,0.511,3.0,0.85,0.2,1.5,1.7,1.6,0.4,0.1,1.0,1.0,11.3,atlantico
Klay Thompson,SG,32,GSW,49,32.7,7.9,0.428,4.4,0.408,3.5,0.456,0.548,1.9,0.892,0.7,3.3,3.9,2.4,0.7,0.3,1.7,2.0,22.1,pacifico
JT Thor,PF,20,CHO,50,11.2,0.9,0.373,0.3,0.258,0.6,0.484,0.437,0.4,0.621,0.5,1.2,1.7,0.4,0.3,0.2,0.4,0.8,2.6,sudeste
Matisse Thybulle,SG,25,TOT,53,13.4,1.2,0.436,0.5,0.354,0.6,0.541,0.536,0.2,0.692,0.4,1.0,1.5,0.6,1.0,0.3,0.2,1.5,3.0,atlantico
Matisse Thybulle,SG,25,PHI,49,12.1,1.0,0.431,0.4,0.333,0.6,0.547,0.522,0.2,0.75,0.4,0.9,1.3,0.5,0.9,0.3,0.2,1.3,2.7,atlantico
Matisse Thybulle,SG,25,POR,4,29.8,2.8,0.458,1.8,0.438,1.0,0.5,0.604,0.0,0.0,0.5,3.0,3.5,1.8,2.3,1.0,0.8,3.8,7.3,noroeste
Xavier Tillman Sr.,PF,24,MEM,40,15.4,2.3,0.612,0.1,0.3,2.2,0.635,0.622,0.8,0.517,1.8,2.3,4.1,1.2,0.8,0.4,0.6,1.3,5.4,sudoeste
Isaiah Todd,PF,21,WAS,4,3.3,0.3,0.25,0.0,0.0,0.3,1.0,0.25,0.0,0.7460646853146854,0.0,0.0,0.0,0.0,0.0,0.0,0.0,0.0,0.5,sudeste
Obi Toppin,PF,24,NYK,48,14.8,2.3,0.414,1.1,0.346,1.2,0.514,0.517,0.5,0.758,0.5,2.6,3.1,0.8,0.3,0.2,0.5,1.0,6.3,atlantico
Juan Toscano-Anderson,SF,29,TOT,33,12.6,1.1,0.486,0.2,0.217,0.9,0.608,0.52,0.3,0.733,0.5,1.8,2.3,0.9,0.4,0.2,0.6,1.6,2.7,atlantico
Juan Toscano-Anderson,SF,29,LAL,30,12.2,1.1,0.5,0.1,0.2,1.0,0.63,0.53,0.4,0.733,0.5,1.6,2.0,0.8,0.3,0.2,0.6,1.5,2.7,pacifico
Juan Toscano-Anderson,SF,29,UTA,3,16.7,1.0,0.375,0.3,0.333,0.7,0.4,0.438,0.0,0.7460646853146854,0.7,4.3,5.0,1.3,0.7,0.3,1.0,2.0,2.3,noroeste
Karl-Anthony Towns,PF,27,MIN,21,33.8,7.3,0.505,1.8,0.325,5.5,0.618,0.568,4.4,0.885,1.7,6.5,8.2,5.3,0.8,0.7,3.1,3.9,20.8,noroeste
Gary Trent Jr.,SG,24,TOR,53,33.6,6.5,0.434,2.6,0.366,3.8,0.499,0.523,2.9,0.84,0.4,2.1,2.5,1.6,1.6,0.3,0.9,1.7,18.4,atlantico
P.J. Tucker,PF,37,PHI,58,26.2,1.3,0.435,0.7,0.426,0.5,0.449,0.562,0.3,0.864,1.3,2.8,4.1,0.8,0.5,0.2,0.7,2.4,3.6,atlantico
Myles Turner,C,26,IND,52,29.9,6.5,0.545,1.7,0.402,4.8,0.623,0.616,3.5,0.787,1.6,6.4,8.0,1.3,0.6,2.3,1.7,3.3,18.1,central
Stanley Umude,SG,23,DET,1,2.0,0.0,0.0,0.0,0.0,0.0,0.5301821138211382,0.0,2.0,1.0,0.0,0.0,0.0,0.0,1.0,1.0,0.0,0.0,2.0,central
Jonas ValanÄiÅ«nas,C,30,NOP,61,24.9,5.6,0.542,0.5,0.337,5.1,0.577,0.566,2.5,0.821,2.8,6.9,9.7,1.7,0.3,0.5,1.9,3.1,14.2,sudoeste
Jarred Vanderbilt,PF,23,TOT,57,24.0,3.4,0.567,0.4,0.339,3.0,0.615,0.596,1.3,0.676,2.4,5.6,7.9,2.7,1.1,0.3,1.3,2.5,8.3,atlantico
Jarred Vanderbilt,PF,23,UTA,52,24.1,3.3,0.556,0.4,0.333,3.0,0.606,0.587,1.3,0.657,2.3,5.5,7.9,2.7,1.0,0.3,1.3,2.6,8.3,noroeste
Jarred Vanderbilt,PF,23,LAL,5,22.4,3.6,0.692,0.2,0.5,3.4,0.708,0.712,1.2,1.0,3.0,5.8,8.8,2.4,1.6,0.2,1.0,1.8,8.6,pacifico
Fred VanVleet,PG,28,TOR,50,36.9,6.4,0.394,3.0,0.344,3.4,0.451,0.486,3.8,0.893,0.5,3.8,4.3,6.6,1.6,0.6,1.9,2.9,19.7,atlantico
Devin Vassell,SG,22,SAS,29,31.3,7.1,0.445,2.8,0.404,4.3,0.477,0.533,2.4,0.793,0.2,3.8,4.0,3.6,1.2,0.4,1.6,1.4,19.4,sudoeste
Gabe Vincent,PG,26,MIA,48,26.3,3.4,0.396,1.8,0.327,1.6,0.513,0.499,1.2,0.877,0.4,1.9,2.3,2.5,0.9,0.1,1.5,2.5,9.8,sudeste
Noah Vonleh,C,27,BOS,23,7.4,0.5,0.458,0.0,0.25,0.4,0.5,0.479,0.1,1.0,0.8,1.3,2.1,0.3,0.1,0.3,0.5,1.5,1.1,atlantico
Nikola VuÄeviÄ‡,C,32,CHI,61,33.9,7.3,0.514,1.6,0.349,5.7,0.595,0.571,1.6,0.822,2.1,9.4,11.5,3.3,0.7,0.8,1.7,2.2,17.8,central
Dean Wade,PF,26,CLE,34,20.9,1.8,0.434,1.1,0.38,0.7,0.558,0.566,0.4,0.652,0.5,3.2,3.7,0.9,0.7,0.5,0.4,2.2,5.2,central
Franz Wagner,SF,21,ORL,61,33.2,6.9,0.485,1.7,0.369,5.2,0.541,0.545,3.4,0.833,0.9,3.1,4.0,3.5,0.9,0.2,2.1,2.3,18.8,sudeste
Moritz Wagner,C,25,ORL,41,21.0,3.6,0.492,1.0,0.318,2.6,0.621,0.559,2.9,0.855,1.3,3.3,4.6,1.7,0.7,0.2,1.2,2.7,11.1,sudeste
Ish Wainright,SF,28,PHO,44,15.5,1.5,0.389,1.0,0.344,0.5,0.524,0.518,0.5,0.84,0.8,1.3,2.2,1.0,0.8,0.3,0.4,2.0,4.4,pacifico
Jabari Walker,SF,20,POR,40,9.1,1.1,0.443,0.1,0.192,1.0,0.535,0.469,0.5,0.724,0.8,1.2,2.1,0.5,0.1,0.2,0.4,1.0,2.8,noroeste
Kemba Walker,PG,32,DAL,9,16.0,2.7,0.421,0.8,0.25,1.9,0.586,0.482,1.9,0.81,0.3,1.4,1.8,2.1,0.2,0.2,0.4,1.2,8.0,sudoeste
Lonnie Walker IV,SG,24,LAL,44,25.9,4.7,0.454,1.7,0.369,2.9,0.524,0.538,1.8,0.885,0.3,1.8,2.0,1.3,0.6,0.3,0.9,1.4,12.8,pacifico
John Wall,PG,32,LAC,34,22.2,4.1,0.408,1.0,0.303,3.1,0.459,0.457,2.3,0.681,0.4,2.3,2.7,5.2,0.8,0.4,2.4,1.7,11.4,pacifico
T.J. Warren,PF-SF,29,TOT,28,18.0,3.8,0.512,0.6,0.347,3.1,0.564,0.554,1.0,0.818,0.5,2.3,2.8,1.0,0.6,0.3,0.6,1.6,9.1,atlantico
T.J. Warren,PF,29,BRK,26,18.8,3.9,0.51,0.6,0.333,3.3,0.566,0.55,1.0,0.818,0.5,2.3,2.8,1.1,0.6,0.3,0.7,1.7,9.5,atlantico
T.J. Warren,SF,29,PHO,2,7.5,1.5,0.6,0.5,1.0,1.0,0.5,0.7,0.0,0.7460646853146854,0.5,2.0,2.5,0.0,0.5,0.0,0.0,0.5,3.5,pacifico
Duane Washington Jr.,SG,22,PHO,31,12.7,3.0,0.367,1.3,0.36,1.7,0.372,0.445,0.5,0.667,0.1,1.1,1.2,2.0,0.2,0.1,1.1,0.7,7.9,pacifico
P.J. Washington,PF,24,CHO,60,32.9,5.8,0.444,2.0,0.35,3.8,0.518,0.521,1.7,0.748,1.0,3.7,4.8,2.4,0.9,1.1,1.4,2.7,15.3,sudeste
TyTy Washington Jr.,PG,21,HOU,25,14.3,1.9,0.361,0.6,0.222,1.4,0.486,0.414,0.4,0.625,0.1,1.4,1.5,1.6,0.5,0.0,0.4,1.1,4.8,sudoeste
Yuta Watanabe,SF,28,BRK,44,17.8,2.3,0.521,1.2,0.482,1.1,0.571,0.657,0.7,0.744,0.6,1.9,2.5,0.9,0.4,0.3,0.4,1.5,6.5,atlantico
Lindy Waters III,SG,25,OKC,25,11.2,1.4,0.396,1.2,0.369,0.2,0.714,0.566,0.2,0.75,0.3,1.4,1.7,0.7,0.4,0.2,0.2,0.9,4.4,noroeste
Trendon Watford,PF,22,POR,44,16.4,2.1,0.578,0.4,0.485,1.8,0.602,0.627,1.1,0.714,0.6,2.7,3.3,1.7,0.3,0.1,1.0,1.9,5.7,noroeste
Peyton Watson,SG,20,DEN,13,3.2,0.8,0.556,0.2,0.667,0.6,0.533,0.611,0.0,0.0,0.2,0.4,0.6,0.1,0.0,0.1,0.2,0.2,1.7,noroeste
Blake Wesley,SG,19,SAS,17,13.9,1.7,0.372,0.5,0.429,1.2,0.351,0.429,0.5,0.6,0.2,1.4,1.5,1.5,0.4,0.1,1.4,1.9,4.5,sudoeste
Russell Westbrook,PG,34,TOT,54,28.8,5.9,0.422,1.2,0.297,4.7,0.473,0.465,3.0,0.664,1.1,5.0,6.1,7.6,1.1,0.4,3.6,2.4,15.9,atlantico
Russell Westbrook,PG,34,LAL,52,28.7,5.8,0.417,1.2,0.296,4.6,0.467,0.46,3.0,0.655,1.1,5.0,6.2,7.5,1.0,0.4,3.5,2.3,15.9,pacifico
Russell Westbrook,PG,34,LAC,2,32.5,6.5,0.565,1.0,0.333,5.5,0.647,0.609,3.0,1.0,0.5,4.5,5.0,9.0,3.0,0.0,4.5,4.5,17.0,pacifico
Coby White,SG,22,CHI,53,22.4,3.2,0.423,1.6,0.355,1.5,0.529,0.531,0.9,0.836,0.2,2.5,2.7,2.0,0.7,0.1,0.8,1.7,8.9,central
Derrick White,SG,28,BOS,62,27.7,4.1,0.455,1.8,0.384,2.3,0.531,0.554,2.0,0.864,0.6,2.8,3.3,3.8,0.7,0.9,1.1,2.2,12.0,atlantico
Jack White,SF,25,DEN,15,3.1,0.5,0.438,0.2,0.375,0.3,0.5,0.531,0.1,0.667,0.2,0.3,0.5,0.1,0.1,0.1,0.1,0.5,1.3,noroeste
Joe Wieskamp,SF,23,TOR,3,8.0,1.0,0.375,1.0,0.429,0.0,0.0,0.563,0.0,0.7460646853146854,0.0,0.7,0.7,0.3,0.0,0.0,0.3,0.3,3.0,atlantico
Aaron Wiggins,SG,24,OKC,48,18.5,2.4,0.504,0.7,0.398,1.8,0.564,0.575,0.8,0.83,1.0,2.1,3.1,1.4,0.5,0.2,0.8,1.6,6.4,noroeste
Andrew Wiggins,SF,27,GSW,37,32.2,6.8,0.473,2.4,0.396,4.4,0.53,0.557,1.2,0.611,1.6,3.4,5.0,2.3,1.2,0.8,1.3,2.9,17.1,pacifico
Grant Williams,PF,24,BOS,61,27.3,2.8,0.457,1.5,0.404,1.3,0.536,0.577,1.3,0.827,1.1,3.7,4.8,1.8,0.6,0.4,1.1,2.6,8.4,atlantico
Jalen Williams,SG,21,OKC,56,29.2,5.0,0.509,0.9,0.325,4.1,0.58,0.554,1.6,0.763,1.0,3.2,4.2,2.9,1.3,0.5,1.6,2.6,12.4,noroeste
Jaylin Williams,PF,20,OKC,28,16.4,2.1,0.472,0.9,0.48,1.2,0.466,0.569,0.6,0.667,0.8,3.8,4.6,1.5,0.4,0.2,0.7,1.9,5.6,noroeste
Kenrich Williams,PF,28,OKC,52,22.6,3.3,0.516,1.0,0.379,2.4,0.605,0.591,0.3,0.432,1.8,3.1,4.9,2.0,0.8,0.3,0.6,2.1,8.0,noroeste
Mark Williams,C,21,CHO,32,16.8,3.3,0.648,0.0,0.3302053872053872,3.3,0.648,0.648,1.5,0.723,1.9,4.3,6.2,0.4,0.7,1.2,0.8,2.2,8.2,sudeste
Patrick Williams,PF,21,CHI,61,28.9,3.8,0.46,1.4,0.405,2.4,0.5,0.544,1.1,0.863,1.0,3.4,4.4,1.4,0.8,0.8,1.3,1.9,10.2,central
Robert Williams,C,25,BOS,26,24.2,3.9,0.75,0.0,0.0,3.9,0.756,0.75,0.6,0.6,3.1,5.5,8.6,1.5,0.5,1.1,0.9,1.8,8.4,atlantico
Vince Williams Jr.,SG,22,MEM,9,5.4,0.3,0.231,0.1,0.111,0.2,0.5,0.269,0.0,0.7460646853146854,0.2,0.6,0.8,0.3,0.4,0.1,0.1,0.7,0.8,sudoeste
Ziaire Williams,SF,21,MEM,29,16.9,2.3,0.419,0.7,0.244,1.6,0.603,0.481,0.4,0.765,0.4,2.0,2.4,0.8,0.4,0.2,1.0,1.8,5.8,sudoeste
Zion Williamson,PF,22,NOP,29,33.0,9.8,0.608,0.2,0.368,9.6,0.618,0.615,6.1,0.714,2.0,5.0,7.0,4.6,1.1,0.6,3.4,2.2,26.0,sudoeste
Justise Winslow,SF,26,POR,29,26.8,2.8,0.409,0.5,0.311,2.3,0.438,0.444,0.7,0.714,1.7,3.3,5.0,3.4,1.0,0.4,1.5,3.1,6.8,noroeste
James Wiseman,C,21,TOT,25,14.2,3.3,0.617,0.1,0.333,3.2,0.63,0.624,1.2,0.674,1.0,3.2,4.2,0.6,0.1,0.3,0.8,2.0,7.9,atlantico
James Wiseman,C,21,GSW,21,12.5,2.8,0.628,0.0,0.5,2.8,0.63,0.633,1.2,0.684,0.9,2.6,3.5,0.7,0.1,0.3,0.7,1.9,6.9,pacifico
James Wiseman,C,21,DET,4,23.5,5.8,0.59,0.3,0.25,5.5,0.629,0.603,1.3,0.625,2.0,6.0,8.0,0.0,0.0,0.3,1.3,2.5,13.0,central
Christian Wood,C,27,DAL,50,27.4,6.4,0.525,1.7,0.376,4.7,0.615,0.595,3.2,0.763,1.4,6.6,8.0,1.7,0.4,1.2,1.9,2.7,17.6,sudoeste
Delon Wright,PG,30,WAS,31,22.6,2.5,0.467,0.9,0.36,1.6,0.556,0.548,0.9,0.903,1.1,2.1,3.2,3.5,1.9,0.3,1.0,1.3,6.7,sudeste
McKinley Wright IV,PG,24,DAL,20,10.3,1.2,0.469,0.2,0.286,1.0,0.543,0.51,0.4,0.636,0.3,1.0,1.3,1.9,0.4,0.2,0.6,0.9,2.9,sudoeste
Thaddeus Young,PF,34,TOR,49,15.5,2.1,0.562,0.1,0.161,2.0,0.643,0.576,0.4,0.692,1.4,1.8,3.2,1.4,1.1,0.1,0.8,1.8,4.7,atlantico
Trae Young,PG,24,ATL,54,35.3,8.5,0.429,2.2,0.327,6.3,0.481,0.484,7.9,0.889,0.7,2.2,2.9,10.2,1.1,0.1,4.1,1.5,27.0,sudeste
Cody Zeller,C,30,MIA,3,15.7,2.7,0.667,0.0,0.3302053872053872,2.7,0.667,0.667,1.0,0.5,1.7,1.0,2.7,1.0,0.3,1.0,0.7,3.0,6.3,sudeste
Ivica Zubac,C,25,LAC,59,29.4,4.0,0.617,0.0,0.0,4.0,0.62,0.617,2.2,0.699,3.3,6.8,10.1,1.1,0.4,1.3,1.7,2.9,10.2,pacifico
