state,player,yrs
Alabama,Michael Ansley,3
Alabama,Keith Askins,9
Alabama,Carl Bailey,1
Alabama,Charles Barkley*,16
Alabama,Eric Bledsoe,7
Alabama,Tom Boswell,6
Alabama,Jason Caffey,8
Alabama,DeMarre Carroll,8
Alabama,Bobby Cattage,2
Alabama,Derrick Coleman,15
Alabama,DeMarcus Cousins,7
Alabama,Michael Curry,11
Alabama,Fennis Dembo,1
Alabama,John Douglas,2
Alabama,Leon Douglas,7
Alabama,John Drew,11
Alabama,T.R. Dunn,14
Alabama,Jim Farmer,5
Alabama,Rod Foster,3
Alabama,Mickell Gladness,1
Alabama,Orlando Graham,1
Alabama,Travis Grant,4
Alabama,JaMychal Green,3
Alabama,Lamar Green,6
Alabama,Darrin Hancock,3
Alabama,James Hardy,4
Alabama,Johnny High,4
Alabama,Cedrick Hordges,2
Alabama,Robert Horry,16
Alabama,Stanley Jackson,1
Alabama,Henry James,7
Alabama,Buck Johnson,7
Alabama,Ken Johnson,1
Alabama,Nate Johnston,1
Alabama,Edgar Jones,6
Alabama,Walter Jordan,1
Alabama,Larry Kenon,10
Alabama,Warren Kidd,1
Alabama,Stan Kimbrough,2
Alabama,Reggie King,6
Alabama,Antonio Lang,6
Alabama,James Lang,1
Alabama,Jeff Malone,13
Alabama,Keith McCord,1
Alabama,K.J. McDaniels,3
Alabama,Joe Meriweather,10
Alabama,Larry Moffett,1
Alabama,Jamario Moon,5
Alabama,Allen Murphy,2
Alabama,Pete Myers,9
Alabama,Wiley Peck,1
Alabama,Chuck Person,13
Alabama,Wesley Person,11
Alabama,Eddie Phillips,1
Alabama,Stan Pietkiewicz,3
Alabama,Chris Porter,1
Alabama,Theo Ratliff,16
Alabama,Oliver Robinson,1
Alabama,Roy Rogers,3
Alabama,Curtis Rowe,8
Alabama,Walter Sharpe,1
Alabama,Erick Strickland,9
Alabama,Andrew Toney,8
Alabama,Ben Wallace,16
Alabama,Gerald Wallace,14
Alabama,Marcus Webb,1
Alabama,Mario West,4
Alabama,Ennis Whatley,10
Alabama,D.J. White,6
Alabama,Rory White,5
Alabama,Duck Williams,1
Alaska,Mario Chalmers,8
Arizona,Mark Alarie,5
Arizona,Jerryd Bayless,9
Arizona,Steve Colter,8
Arizona,Bryce Cotton,2
Arizona,Ron Davis,3
Arizona,Sean Elliott,12
Arizona,Carrick Felix,1
Arizona,Nick Johnson,1
Arizona,Perry Moss,2
Arizona,Larry Owens,2
Arizona,Bernard Thompson,5
Arizona,Alan Williams,2
Arkansas,James Anderson,5
Arkansas,Ron Brewer,8
Arkansas,Marcus Brown,2
Arkansas,Michael Cage,15
Arkansas,Cory Carr,1
Arkansas,Joe Barry Carroll,10
Arkansas,Mike Conley,10
Arkansas,Jeremy Evans,6
Arkansas,Derek Fisher,18
Arkansas,Archie Goodwin,4
Arkansas,Myron Jackson,1
Arkansas,Joe Johnson,16
Arkansas,Lee Johnson,1
Arkansas,Caldwell Jones,17
Arkansas,Charles Jones,15
Arkansas,Fred Jones,7
Arkansas,Major Jones,6
Arkansas,Wil Jones,9
Arkansas,Andrew Lang,12
Arkansas,Keith Lee,3
Arkansas,Fat Lever,11
Arkansas,Quincy Lewis,4
Arkansas,Brian Martin,1
Arkansas,Jeff Martin,2
Arkansas,Jim McElroy,7
Arkansas,Sidney Moncrief,11
Arkansas,Gaylon Nickerson,1
Arkansas,Dennis Nutt,1
Arkansas,Jimmy Oliver,5
Arkansas,Scottie Pippen*,17
Arkansas,Bobby Portis,2
Arkansas,Bryant Reeves,6
Arkansas,Glen Rice,15
Arkansas,Paul Silas,16
Arkansas,Jeff Taylor,2
Arkansas,Jeff Webster,1
Arkansas,Sonny Weems,4
Arkansas,Corliss Williamson,12
California,Alex Acker,2
California,Mark Acres,6
California,Hassan Adams,2
California,Arron Afflalo,10
California,Josh Akognon,1
California,Ray Allen,18
California,Darrell Allums,1
California,Lou Amundson,10
California,Chris Andersen,15
California,Richard Anderson,6
California,Ryan Anderson,9
California,Gilbert Arenas,11
California,Brandon Armstrong,3
California,Stacey Augmon,15
California,Isaac Austin,9
California,Ken Austin,1
California,Dennis Awtrey,12
California,Jeff Ayres,6
California,Toby Bailey,2
California,Greg Ballard,11
California,Matt Barnes,14
California,Drew Barry,3
California,Jon Barry,14
California,Mike Batiste,1
California,Jerome Beasley,1
California,Corey Benjamin,4
California,Corie Blount,11
California,Etdrick Bohannon,4
California,Bruce Bowen,13
California,Freddie Boyd,6
California,Cedric Bozeman,1
California,Craig Brackins,2
California,Torraye Braggs,2
California,Mike Bratz,9
California,Scott Brooks,10
California,Anthony Brown,2
California,Bobby Brown,3
California,Derrick Brown,3
California,Gerald Brown,1
California,Jabari Brown,1
California,Lewis Brown,1
California,Chase Budinger,7
California,Jud Buechler,12
California,Greg Bunch,1
California,Greg Butler,3
California,Mitchell Butler,8
California,Elden Campbell,15
California,Bill Cartwright,15
California,Tyson Chandler,16
California,Phil Chenier,10
California,Will Cherry,1
California,Josh Childress,8
California,Chris Childs,9
California,Marquese Chriss,1
California,Patrick Christopher,1
California,Jarron Collins,10
California,Jason Collins,13
California,Darren Collison,8
California,Anthony Cook,4
California,Darwin Cook,8
California,Jeff Cook,8
California,David Cooke,1
California,Michael Cooper,12
California,James Cotton,2
California,John Coughran,1
California,Allen Crabbe,4
California,Winston Crite,2
California,Austin Croshere,12
California,Mark Crow,1
California,Jared Cunningham,4
California,Antonio Davis,13
California,Baron Davis,13
California,Austin Daye,6
California,Greg Deane,1
California,Dewayne Dedmon,4
California,Bryce Dejean-Jones,1
California,Bison Dele,8
California,Dell Demps,3
California,DeMar DeRozan,8
California,Coby Dietrick,13
California,Spencer Dinwiddie,3
California,Larry Drew,1
California,Ralph Drollinger,1
California,Jared Dudley,10
California,Craig Dykema,1
California,Jim Eakins,10
California,Mark Eaton,11
California,Tyus Edney,4
California,Shane Edwards,1
California,LeRon Ellis,3
California,Wayne Englestad,1
California,James Ennis,3
California,Jordan Farmar,10
California,Tony Farmer,2
California,Noel Felix,1
California,Eric Fernsten,6
California,Landry Fields,5
California,Isaac Fontaine,1
California,Don Ford,7
California,Bayard Forrest,2
California,Greg Foster,13
California,Tremaine Fowlkes,4
California,Jamaal Franklin,2
California,Anthony Frederick,3
California,Corey Gaines,5
California,Marlon Garnett,1
California,Dean Garrett,6
California,Paul George,7
California,John Gianelli,8
California,Jonathan Gibson,1
California,Drew Gooden,14
California,Gail Goodrich*,14
California,Aaron Gordon,3
California,Drew Gordon,1
California,Ron Grandison,4
California,Aaron Gray,7
California,Ed Gray,2
California,Evric Gray,1
California,Erick Green,2
California,Sean Green,3
California,Dave Greenwood,12
California,John Greig,1
California,Bob Gross,8
California,Jack Haley,9
California,Jordan Hamilton,5
California,Justin Hamilton,3
California,Roy Hamilton,2
California,James Harden,8
California,Lucious Harris,12
California,Jason Hart,9
California,Scott Haskin,1
California,Juaquin Hawkins,1
California,Chuck Hayes,11
California,J.R. Henderson,1
California,Jerome Henderson,2
California,Conner Henry,2
California,Cory Higgins,2
California,Sean Higgins,6
California,Solomon Hill,4
California,Darnell Hillman,9
California,Jrue Holiday,8
California,Justin Holiday,4
California,Ryan Hollins,10
California,Tyler Honeycutt,2
California,Eddie House,11
California,Jay Humphries,11
California,Ralph Jackson,1
California,Casey Jacobsen,4
California,Chris Jefferies,2
California,Richard Jefferson,16
California,Brandon Jennings,8
California,Chris Jent,2
California,Grant Jerrett,1
California,Eugene Jeter,1
California,Amir Johnson,12
California,Dennis Johnson*,14
California,Kevin Johnson,12
California,Orlando Johnson,3
California,Stanley Johnson,2
California,Bobby Jones,2
California,Ozell Jones,2
California,Jason Kapono,9
California,Adam Keefe,9
California,Rich Kelley,11
California,Jason Kidd,19
California,Kyle Korver,14
California,Joel Kramer,5
California,John Lambert,7
California,Trajan Langdon,3
California,Eric Leckner,8
California,Greg Lee,2
California,Malcolm Lee,3
California,Rock Lee,1
California,Kawhi Leonard,6
California,Cliff Levingston,11
California,Todd Lichti,5
California,Damian Lillard,5
California,Jeremy Lin,7
California,Rob Lock,1
California,Brook Lopez,9
California,Robin Lopez,9
California,Kevin Love,9
California,Stan Love,4
California,Don MacLean,9
California,Tito Maddox,1
California,Gerald Madkins,3
California,Mark Madsen,9
California,Dan McClintock,1
California,Jelani McCoy,8
California,Ben McDonald,4
California,Dominic McGuire,6
California,Carlton McKinney,2
California,Mark McNamara,8
California,Chris McNealy,3
California,Dave Meyers,4
California,Andre Miller,17
California,Reggie Miller*,18
California,Chris Mills,10
California,Harold Miner,4
California,Darius Morris,4
California,Richard Morton,1
California,Shabazz Muhammad,4
California,Chris Munk,1
California,Tod Murphy,5
California,Lamond Murray,11
California,Tracy Murray,12
California,DeMarcus Nelson,1
California,Louie Nelson,5
California,Bob Netolicky,9
California,Mike Niles,1
California,James Nunnally,1
California,Charles O'Bannon,2
California,Ed O'Bannon,2
California,J.J. O'Brien,1
California,Keith Owens,1
California,Ray Owes,1
California,Milt Palacio,7
California,Cherokee Parks,9
California,Andrae Patterson,2
California,Gary Payton*,17
California,Mike Penberthy,2
California,Desmond Penigar,1
California,Paul Pierce,19
California,Kevinn Pinkney,1
California,Dwayne Polee,1
California,Cliff Pondexter,3
California,Quincy Pondexter,5
California,Leon Powe,5
California,Norman Powell,2
California,Tayshaun Prince,14
California,Gabe Pruitt,2
California,Kurt Rambis,14
California,Wally Rank,1
California,Marlon Redmond,2
California,Kevin Restani,8
California,Isaiah Rider,9
California,Austin Rivers,5
California,Cliff Robinson,11
California,Jackie Robinson,3
California,Johnny Rogers,2
California,Lorenzo Romar,5
California,Paul Ruffner,5
California,Bryon Russell,13
California,Jamal Sampson,5
California,Brian Scalabrine,11
California,Brian Shaw,14
California,Lonnie Shelton,10
California,Jose Slaughter,1
California,Craig Smith,6
California,Greg Smith,5
California,Phil Smith,9
California,Reggie Smith,2
California,Robert Smith,7
California,Tony Snell,4
California,Kirk Snyder,4
California,Andre Spencer,2
California,Joe Stephens,3
California,Alex Stepheson,1
California,DeShawn Stevenson,13
California,Derek Strong,10
California,Dane Suttle,2
California,Greg Sutton,3
California,Robert Swift,4
California,Anthony Taylor,1
California,Leonard Taylor,1
California,Chuck Terry,5
California,Claude Terry,6
California,Reggie Theus,13
California,Peter Thibeaux,2
California,Dijon Thompson,2
California,Hollis Thompson,4
California,Klay Thompson,6
California,Mychel Thompson,1
California,Stephen Thompson,1
California,Bob Thornton,8
California,Tom Tolbert,7
California,Raymond Townsend,3
California,Jeff Trepagnier,3
California,Henry Turner,2
California,Jeremy Tyler,3
California,Jan Van Breda Kolff,9
California,Keith Van Horn,9
California,Nick Vanos,2
California,Jacque Vaughn,12
California,Pete Verhoeven,6
California,Brett Vroman,1
California,Jackson Vroman,2
California,Mark Wade,2
California,Bill Walton*,10
California,Luke Walton,10
California,Casper Ware,1
California,David Wear,1
California,Travis Wear,1
California,Russell Westbrook,9
California,Paul Westphal,12
California,Eric White,2
California,Sidney Wicks,10
California,Michael Wiley,2
California,Jamaal Wilkes*,12
California,Derrick Williams,6
California,Freeman Williams,6
California,Guy Williams,2
California,John Williams,8
California,Marcus Williams,4
California,Pete Williams,2
California,Sam Williams,4
California,Scott Williams,15
California,Kevin Willis,21
California,Trevor Wilson,4
California,Willie Wise,9
California,Jeff Withey,4
California,Christian Wood,2
California,Antoine Wright,6
California,Brad Wright,2
California,Delon Wright,1
California,Dorell Wright,11
California,Howard Wright,2
California,Nick Young,10
California,Tim Young,1
California,Tyler Zeller,5
Colorado,Chauncey Billups,17
Colorado,Kaniel Dickens,3
Colorado,Nick Fazekas,1
Colorado,Eddie Gill,7
Colorado,Glen Gondrezick,6
Colorado,Grant Gondrezick,2
Colorado,Tom Hovasse,1
Colorado,Joe Kleine,15
Colorado,Darrick Martin,13
Colorado,Chuck Nevitt,9
Colorado,Michael Ruffin,9
Colorado,Jason Smith,9
Colorado,Chuck Williams,8
Delaware,Dexter Boney,1
Delaware,A.J. English,2
Delaware,Joey Graham,6
Delaware,Stephen Graham,6
Delaware,Ronnie Murphy,1
Delaware,Terence Stansbury,3
DC,Thurl Bailey,12
DC,Tim Bassett,7
DC,John Battle,10
DC,Dave Bing*,12
DC,Adrian Branch,4
DC,Austin Carr,10
DC,Kenny Carr,10
DC,Jerry Chambers,6
DC,Randolph Childress,2
DC,Adrian Dantley*,15
DC,Ed Davis,7
DC,Johnny Dawkins,9
DC,Sherman Douglas,12
DC,Kevin Durant,10
DC,John Duren,3
DC,Blue Edwards,10
DC,Sharrod Ford,1
DC,Treveon Graham,1
DC,Claude Gregory,2
DC,Donald Hodge,5
DC,Mike Jackson,4
DC,Chris Johnson,3
DC,DerMarr Johnson,7
DC,Anthony Jones,3
DC,Collis Jones,4
DC,Eddie Jordan,7
DC,Tim Legler,10
DC,Cedric Lewis,1
DC,Gene Littles,6
DC,Sidney Lowe,4
DC,John Lucas III,8
DC,Bill Martin,3
DC,Roger Mason,10
DC,Mike Morrison,1
DC,Lawrence Moten,3
DC,Moochie Norris,9
DC,Patrick Patterson,7
DC,Curtis Perry,8
DC,Dominic Pressley,1
DC,Don Reid,8
DC,Bernard Robinson,3
DC,Thomas Robinson,5
DC,Craig Shelton,2
DC,Tom Sluby,1
DC,Charles Smith,3
DC,Michael Smith,7
DC,Donell Taylor,2
DC,Fatty Taylor,8
DC,Anthony Tucker,1
DC,John Turner,1
DC,Donald Washington,2
DC,Kermit Washington,10
DC,Delonte West,8
DC,James White,3
DC,Hawkeye Whitney,2
DC,Bernie Williams,5
DC,Jerome Williams,9
DC,Walt Williams,11
DC,Chris Wright,1
DC,Sam Young,4
Florida,Gary Alexander,1
Florida,Randy Allen,2
Florida,Trevor Ariza,13
Florida,Chucky Atkins,11
Florida,Vin Baker,13
Florida,Otis Birdsong,12
Florida,Steve Blake,13
Florida,Ricky Blanton,1
Florida,Tony Bobbitt,1
Florida,Alex Bradley,1
Florida,Mike Brittain,2
Florida,Dee Brown,12
Florida,Ticky Burden,3
Florida,Nick Calathes,2
Florida,Vince Carter,19
Florida,Jordan Clarkson,3
Florida,Norris Coleman,1
Florida,James Collins,1
Florida,Chris Corchiani,3
Florida,Marquis Daniels,10
Florida,Ben Davis,4
Florida,Mike Davis,1
Florida,Darryl Dawkins,14
Florida,Mickey Dillard,1
Florida,Keyon Dooling,13
Florida,Zabian Dowdell,1
Florida,Jarell Eddie,1
Florida,Doug Edwards,3
Florida,Reggie Evans,13
Florida,Daniel Ewing,2
Florida,Alonzo Gee,8
Florida,Artis Gilmore*,17
Florida,Anthony Goldwire,8
Florida,Kenny Green,2
Florida,Taurean Green,1
Florida,Orien Greene,4
Florida,Glenn Hagan,1
Florida,Tom Hammonds,12
Florida,Tim Hardaway,4
Florida,Udonis Haslem,14
Florida,Alvin Heggs,1
Florida,Jerome James,9
Florida,Tim James,3
Florida,Chris Johnson,4
Florida,Clemon Johnson,10
Florida,Eddie Johnson,10
Florida,Frank Johnson,10
Florida,Dominique Jones,3
Florida,Eddie Jones,14
Florida,James Jones,14
Florida,Jumaine Jones,8
Florida,Solomon Jones,8
Florida,Greg Kelser,6
Florida,Tarence Kinsey,3
Florida,Curtis Kitchen,1
Florida,Brandon Knight,6
Florida,Clifford Lett,2
Florida,Anthony Mason,13
Florida,Wes Matthews,9
Florida,Vernon Maxwell,13
Florida,Travis Mays,3
Florida,George McCloud,12
Florida,Tracy McGrady,15
Florida,Chandler Parsons,6
Florida,Will Perdue,13
Florida,Howard Porter,7
Florida,Ed Rains,2
Florida,Ryan Reid,1
Florida,Richard Rellford,1
Florida,Glen Rice,2
Florida,Chris Richard,2
Florida,Mitch Richmond*,14
Florida,Red Robbins,8
Florida,Rick Robey,8
Florida,David Robinson*,14
Florida,Truck Robinson,11
Florida,Tree Rollins,18
Florida,Clifford Rozier,4
Florida,Larry Sanders,5
Florida,Dwayne Schintzius,8
Florida,Tom Sewell,1
Florida,Otis Smith,6
Florida,Theron Smith,2
Florida,Marreese Speights,9
Florida,Amar'e Stoudemire,14
Florida,Jermaine Taylor,2
Florida,Jim Thomas,4
Florida,Otis Thorpe,17
Florida,David Vanterpool,1
Florida,Darius Washington,1
Florida,Lorenzo Williams,7
Georgia,Shareef Abdur-Rahim,12
Georgia,Don Adams,7
Georgia,Jordan Adams,2
Georgia,Morris Almond,3
Georgia,Al-Farouq Aminu,7
Georgia,Shandon Anderson,10
Georgia,Tate Armstrong,2
Georgia,William Avery,3
Georgia,James Bailey,9
Georgia,Malik Beasley,1
Georgia,Ray Blume,1
Georgia,Jamison Brewer,4
Georgia,Malcolm Brogdon,1
Georgia,Jaylen Brown,1
Georgia,Lorenzo Brown,3
Georgia,Raymond Brown,1
Georgia,Kentavious Caldwell-Pope,4
Georgia,Kelvin Cato,10
Georgia,Art Collins,1
Georgia,Wayne Cooper,14
Georgia,Lanard Copeland,2
Georgia,Javaris Crittenton,2
Georgia,Corey Crowder,2
Georgia,Jae Crowder,5
Georgia,Vonteego Cummings,3
Georgia,William Cunningham,2
Georgia,Jermareo Davidson,2
Georgia,Dale Davis,16
Georgia,Jacky Dorsey,3
Georgia,Toney Douglas,8
Georgia,Dale Ellis,17
Georgia,Harold Ellis,3
Georgia,Pervis Ellison,11
Georgia,Derrick Favors,7
Georgia,Gerald Fitch,1
Georgia,Joseph Forte,2
Georgia,Walt Frazier*,13
Georgia,World B. Free,13
Georgia,Mike Glenn,10
Georgia,Dion Glover,6
Georgia,Andrew Goudelock,3
Georgia,Harvey Grant,11
Georgia,Horace Grant,17
Georgia,Ken Green,1
Georgia,Derek Harper,16
Georgia,Donnell Harvey,5
Georgia,Jarvis Hayes,7
Georgia,Gar Heard,11
Georgia,Cedric Henderson,1
Georgia,J.J. Hickson,8
Georgia,Jordan Hill,8
Georgia,Wilbur Holland,4
Georgia,Dwight Howard,13
Georgia,Bernard James,3
Georgia,Dontell Jefferson,1
Georgia,Alexander Johnson,2
Georgia,Reggie Johnson,4
Georgia,DeQuan Jones,1
Georgia,Jonathan Kerner,1
Georgia,Julius Keye,6
Georgia,Frankie King,2
Georgia,Gani Lawal,1
Georgia,Travis Leslie,1
Georgia,Darrell Lockhart,1
Georgia,Jordan McRae,2
Georgia,Jodie Meeks,8
Georgia,Greg Minor,5
Georgia,Mike Mitchell,10
Georgia,Sam Mitchell,13
Georgia,Tony Mitchell,1
Georgia,Chris Morris,11
Georgia,Kevin Murphy,1
Georgia,Lloyd Neal,7
Georgia,Norm Nixon,10
Georgia,Myles Patrick,1
Georgia,Lavor Postell,3
Georgia,Tim Quarterman,1
Georgia,Luther Rackley,5
Georgia,Robert Reid,13
Georgia,Chris Robinson,2
Georgia,Jeff Sanders,4
Georgia,Jeffrey Sheppard,1
Georgia,Garret Siler,1
Georgia,Chris Singleton,3
Georgia,Derek Smith,9
Georgia,Elmore Smith,8
Georgia,Jabari Smith,4
Georgia,Josh Smith,12
Georgia,Elmore Spencer,5
Georgia,Mark Strickland,8
Georgia,Aaron Swinson,1
Georgia,Kenny Thomas,11
Georgia,Al Thornton,4
Georgia,Sedale Threatt,14
Georgia,Kenny Walker,7
Georgia,Charlie Ward,11
Georgia,Eddie Lee Wilkins,6
Georgia,Gerald Wilkins,13
Georgia,Corey Williams,2
Georgia,Dontonio Wingfield,4
Georgia,Al Wood,6
Georgia,Sharone Wright,4
Hawaii,Cedric Ceballos,11
Idaho,Steve Hayes,5
Idaho,Luke Ridnour,12
Idaho,Dale Wilkinson,1
Illinois,Mark Aguirre,13
Illinois,Cliff Alexander,1
Illinois,Tony Allen,13
Illinois,Ashraf Amaya,2
Illinois,Eric Anderson,2
Illinois,J.J. Anderson,3
Illinois,Nick Anderson,13
Illinois,Ron Anderson,10
Illinois,Jim Ard,8
Illinois,James Augustine,2
Illinois,Maurice Baker,1
Illinois,Kenny Battle,4
Illinois,Lloyd Batts,1
Illinois,Elmer Bennett,3
Illinois,Patrick Beverley,5
Illinois,Cory Blackwell,1
Illinois,Walter Bond,3
Illinois,Donnie Boyce,2
Illinois,A.J. Bramlett,1
Illinois,Brad Branson,2
Illinois,Jim Brewer,9
Illinois,Andre Brown,3
Illinois,Randy Brown,12
Illinois,Roger Brown,5
Illinois,Shannon Brown,9
Illinois,Tony Brown,7
Illinois,Quinn Buckner,10
Illinois,Will Bynum,8
Illinois,Corky Calhoun,8
Illinois,Brian Cardinal,12
Illinois,Maurice Cheeks,15
Illinois,Keon Clark,6
Illinois,Doug Collins,8
Illinois,Sherron Collins,1
Illinois,Brian Cook,9
Illinois,Norm Cook,2
Illinois,Jack Cooley,1
Illinois,Dave Corzine,13
Illinois,Robert Covington,4
Illinois,Jeff Cross,1
Illinois,Russell Cross,1
Illinois,Terry Cummings,18
Illinois,Eddy Curry,11
Illinois,Anthony Davis,5
Illinois,Todd Day,8
Illinois,Justin Dentmon,2
Illinois,Bruce Douglas,1
Illinois,Nate Driggers,1
Illinois,Kevin Duckworth,11
Illinois,Tony Dumas,4
Illinois,Acie Earl,4
Illinois,Bo Ellis,3
Illinois,LaPhonso Ellis,11
Illinois,Melvin Ely,9
Illinois,Scott English,3
Illinois,Brian Evans,3
Illinois,Michael Finley,15
Illinois,Al Fleming,1
Illinois,Donnie Freeman,9
Illinois,Chad Gallagher,1
Illinois,Kevin Gamble,10
Illinois,Kiwane Garris,2
Illinois,Kendall Gill,15
Illinois,Rickey Green,14
Illinois,Derek Grimm,1
Illinois,A.J. Guyton,3
Illinois,Mike Hall,1
Illinois,Thomas Hamilton,2
Illinois,Luke Harangody,2
Illinois,Tim Hardaway,13
Illinois,Mike Harper,2
Illinois,Billy Harris,1
Illinois,Hersey Hawkins,13
Illinois,Luther Head,6
Illinois,Phil Hicks,2
Illinois,Craig Hodges,10
Illinois,Randy Holcomb,1
Illinois,Richaun Holmes,2
Illinois,Jeff Hornacek,14
Illinois,Ed Horton,1
Illinois,Juwan Howard,19
Illinois,Troy Hudson,11
Illinois,Alfredrick Hughes,1
Illinois,Kim Hughes,6
Illinois,Steven Hunter,8
Illinois,Andre Iguodala,13
Illinois,Byron Irvin,3
Illinois,Dan Issel*,15
Illinois,Othyus Jeffers,3
Illinois,Armon Johnson,2
Illinois,Eddie Johnson,17
Illinois,Linton Johnson,6
Illinois,Mickey Johnson,12
Illinois,Reggie Jordan,6
Illinois,Frank Kaminsky,2
Illinois,Steve Kuberski,9
Illinois,C.J. Kupec,3
Illinois,Bob Lackey,2
Illinois,Sean Lampley,2
Illinois,Dan Langhi,4
Illinois,Priest Lauderdale,2
Illinois,Doug Lee,3
Illinois,Gary Leonard,3
Illinois,Jim Les,7
Illinois,Marcus Liberty,4
Illinois,DeAndre Liggins,4
Illinois,Shaun Livingston,12
Illinois,Scott Lloyd,6
Illinois,Sam Mack,7
Illinois,Corey Maggette,14
Illinois,Renaldo Major,1
Illinois,Shawn Marion,16
Illinois,Marlon Maxey,2
Illinois,Jason Maxiell,10
Illinois,Sean May,4
Illinois,Mel McCants,1
Illinois,Kelly McCarty,1
Illinois,Amal McCaskill,4
Illinois,Billy McKinney,7
Illinois,Jerel McNeal,1
Illinois,Paul McPherson,1
Illinois,Scott Meents,2
Illinois,Darius Miles,7
Illinois,Quincy Miller,3
Illinois,Nazr Mohammed,18
Illinois,Andre Moore,1
Illinois,Howard Nathan,1
Illinois,Tyrone Nesby,4
Illinois,Carl Nicks,3
Illinois,Ken Norman,10
Illinois,Steve Novak,11
Illinois,Jahlil Okafor,2
Illinois,Jawann Oldham,10
Illinois,Brian Oliver,4
Illinois,Dean Oliver,2
Illinois,Jannero Pargo,11
Illinois,Jeremy Pargo,2
Illinois,Anthony Parker,9
Illinois,Jabari Parker,3
Illinois,Sonny Parker,6
Illinois,Roger Phegley,6
Illinois,Kevin Porter,10
Illinois,Roger Powell,1
Illinois,Quentin Richardson,13
Illinois,Doc Rivers,13
Illinois,Flynn Robinson,8
Illinois,Bill Robinzine,7
Illinois,Derrick Rose,8
Illinois,Cazzie Russell,12
Illinois,Russ Schoene,4
Illinois,Iman Shumpert,6
Illinois,Jack Sikma,14
Illinois,Bobby Simmons,10
Illinois,James Singleton,5
Illinois,Al Smith,5
Illinois,Leon Smith,2
Illinois,Everette Stephens,2
Illinois,Awvee Storey,3
Illinois,Barry Sumpter,1
Illinois,Jay Taylor,1
Illinois,Mike Taylor,1
Illinois,Isiah Thomas*,13
Illinois,Andy Toolson,2
Illinois,Alando Tucker,3
Illinois,Evan Turner,7
Illinois,Kelvin Upshaw,3
Illinois,Darnell Valentine,9
Illinois,Fred VanVleet,1
Illinois,Dwyane Wade,14
Illinois,Andre Wakefield,2
Illinois,Antoine Walker,12
Illinois,Darrell Walker,10
Illinois,Lloyd Walton,5
Illinois,Jerome Whitehead,11
Illinois,Donald Whiteside,2
Illinois,Jeff Wilkins,6
Illinois,Aaron Williams,14
Illinois,Frank Williams,3
Illinois,Justin Williams,2
Illinois,Mike Williams,1
Illinois,Voise Winters,1
Illinois,Julian Wright,4
Indiana,Tom Abernethy,5
Indiana,Steve Alford,4
Indiana,Kent Benson,11
Indiana,Larry Bird*,13
Indiana,Jim Bradley,3
Indiana,Junior Bridgeman,12
Indiana,Roger Burkman,1
Indiana,Don Buse,13
Indiana,Calbert Cheaney,13
Indiana,Robert Churchwell,1
Indiana,Louie Dampier*,12
Indiana,Branden Dawson,1
Indiana,Larry Demic,3
Indiana,Clyde Dickey,1
Indiana,Jay Edwards,1
Indiana,Darrell Elston,2
Indiana,Yogi Ferrell,1
Indiana,Tellis Frank,5
Indiana,Winston Garland,7
Indiana,Dan Godfread,2
Indiana,Eric Gordon,9
Indiana,Greg Graham,5
Indiana,Jim Grandholm,1
Indiana,Scott Haffner,2
Indiana,A.J. Hammons,1
Indiana,Jerome Harmon,1
Indiana,Gary Harris,3
Indiana,Gordon Hayward,7
Indiana,Alan Henderson,12
Indiana,George Hill,9
Indiana,Robbie Hummel,2
Indiana,Chris Hunter,1
Indiana,Demetrius Jackson,1
Indiana,Jared Jeffries,11
Indiana,JaJuan Johnson,1
Indiana,Charles Jordan,1
Indiana,Bill Keller,7
Indiana,Shawn Kemp,14
Indiana,Jimmy King,2
Indiana,Allen Leavell,10
Indiana,Courtney Lee,9
Indiana,Goose Ligon,7
Indiana,Willie Long,3
Indiana,Kyle Macy,7
Indiana,Dave Magley,1
Indiana,Walter McCarty,10
Indiana,Mitch McGary,2
Indiana,George McGinnis,11
Indiana,Roy McPipe,1
Indiana,Josh McRoberts,10
Indiana,Brad Miller,14
Indiana,Eric Montross,8
Indiana,E'Twaun Moore,6
Indiana,Rick Mount,5
Indiana,Lee Nailon,6
Indiana,Craig Neal,2
Indiana,Bill Newton,2
Indiana,Andre Owens,2
Indiana,Wayne Pack,1
Indiana,Marshall Plumlee,1
Indiana,Mason Plumlee,4
Indiana,Miles Plumlee,5
Indiana,Kevin Pritchard,4
Indiana,Wayne Radford,1
Indiana,Zach Randolph,16
Indiana,Glenn Robinson,3
Indiana,Glenn Robinson,11
Indiana,Billy Shepherd,3
Indiana,Dexter Shouse,1
Indiana,Jerry Sichting,10
Indiana,Scott Skiles,10
Indiana,Larry Steele,9
Indiana,Jeff Teague,8
Indiana,Marquis Teague,2
Indiana,Ray Tolbert,5
Indiana,Monte Towe,2
Indiana,Bonzi Wells,10
Indiana,Bob Wilkerson,7
Indiana,Bobby Wilson,4
Indiana,Randy Wittman,9
Indiana,Mike Woodson,11
Indiana,Cody Zeller,4
Iowa,Harrison Barnes,5
Iowa,Ryan Bowen,10
Iowa,Matt Bullard,11
Iowa,Nick Collison,13
Iowa,Darren Daye,5
Iowa,Al Eberhard,4
Iowa,Kenny Fields,4
Iowa,Matt Fish,3
Iowa,Bob Hansen,9
Iowa,Kirk Hinrich,13
Iowa,Jon Koncak,11
Iowa,Kevin Kunnert,9
Iowa,Raef LaFrentz,10
Iowa,Loren Meyer,3
Iowa,Todd Mundt,1
Iowa,Patrick O'Bryant,4
Iowa,Brett Szabo,1
Iowa,Luke Zeller,1
Kansas,Alvan Adams,13
Kansas,Lucius Allen,10
Kansas,Ron Baker,1
Kansas,Willie Cauley-Stein,2
Kansas,Greg Dreiling,10
Kansas,Larry Drew,10
Kansas,Maurice Evans,9
Kansas,Matt Freije,2
Kansas,Adrian Griffin,9
Kansas,Scott Hastings,11
Kansas,Steve Henson,7
Kansas,Steven Hill,1
Kansas,Lionel Hollins,10
Kansas,Byron Houston,4
Kansas,Warren Jabali,7
Kansas,Martin Lewis,2
Kansas,Ed Nealy,10
Kansas,Melvin Sanders,1
Kansas,Paul Shirley,3
Kansas,Wayne Simien,2
Kansas,Earl Watson,13
Kansas,Scott Wedman,13
Kansas,Korleone Young,1
Kentucky,Derek Anderson,11
Kentucky,Bob Arnzen,4
Kentucky,Bird Averitt,5
Kentucky,Steve Bardo,3
Kentucky,Butch Beard,9
Kentucky,Winston Bennett,3
Kentucky,Phil Bond,1
Kentucky,Greg Buckner,10
Kentucky,Rex Chapman,12
Kentucky,Glen Combs,7
Kentucky,Jimmy Conner,1
Kentucky,Dave Cowens*,11
Kentucky,Wesley Cox,2
Kentucky,Jerry Eaves,4
Kentucky,Jack Givens,2
Kentucky,Darrell Griffith,10
Kentucky,Anthony Grundy,1
Kentucky,Joe Hamilton,6
Kentucky,Kenny Higgs,3
Kentucky,Scotty Hopson,1
Kentucky,Allan Houston,12
Kentucky,Tony Jackson,1
Kentucky,Larry Johnson,1
Kentucky,Ron King,1
Kentucky,Frank Kornet,2
Kentucky,Shelvin Mack,6
Kentucky,Rudy Macklin,3
Kentucky,Jim McDaniels,5
Kentucky,Bob Miller,1
Kentucky,Darius Miller,3
Kentucky,Dirk Minniefield,3
Kentucky,Dwayne Morton,1
Kentucky,Scott Padgett,8
Kentucky,Jim Price,7
Kentucky,Rajon Rondo,11
Kentucky,D'Angelo Russell,2
Kentucky,Alvin Sims,1
Kentucky,Donta Smith,2
Kentucky,Nolan Smith,2
Kentucky,Felton Spencer,12
Kentucky,Vince Taylor,1
Kentucky,Ronald Thomas,4
Kentucky,Melvin Turpin,5
Kentucky,Wes Unseld*,13
Kentucky,Bob Warren,8
Kentucky,Bubba Wells,1
Kentucky,DeJuan Wheat,2
Kentucky,Chris Whitney,11
Kentucky,Rick Wilson,2
Louisiana,D.J. Augustin,9
Louisiana,Brandon Bass,12
Louisiana,Benoit Benjamin,15
Louisiana,David Benoit,7
Louisiana,Tim Breaux,3
Louisiana,Kedrick Brown,4
Louisiana,Markel Brown,2
Louisiana,Tierre Brown,4
Louisiana,Stanley Brundy,1
Louisiana,Howard Carter,2
Louisiana,Don Chaney,12
Louisiana,Glen Davis,8
Louisiana,Mark Davis,5
Louisiana,Bryce Drew,6
Louisiana,Clyde Drexler*,15
Louisiana,Chris Duhon,9
Louisiana,Joe Dumars*,14
Louisiana,Ledell Eackles,7
Louisiana,Sherell Ford,1
Louisiana,Langston Galloway,3
Louisiana,Danny Granger,10
Louisiana,Tommie Green,1
Louisiana,Tony Harris,3
Louisiana,Elvin Hayes*,16
Louisiana,Rod Higgins,13
Louisiana,Jerald Honeycutt,2
Louisiana,Jaren Jackson,12
Louisiana,Aaron James,5
Louisiana,Antawn Jamison,16
Louisiana,Avery Johnson,16
Louisiana,Carldell Johnson,1
Louisiana,Dave Johnson,2
Louisiana,Ervin Johnson,13
Louisiana,Marques Johnson,11
Louisiana,Damian Jones,1
Louisiana,Jimmy Jones,10
Louisiana,Perry Jones,3
Louisiana,Steve Jones,9
Louisiana,Harold Keeling,1
Louisiana,Carl Kilpatrick,1
Louisiana,Gerard King,3
Louisiana,Oliver Lafayette,1
Louisiana,Edmund Lawrence,1
Louisiana,Rashard Lewis,16
Louisiana,Randy Livingston,11
Louisiana,Karl Malone*,19
Louisiana,Jarell Martin,2
Louisiana,Elijah Millsap,2
Louisiana,Paul Millsap,11
Louisiana,Greg Monroe,7
Louisiana,Calvin Natt,11
Louisiana,Kenny Natt,3
Louisiana,Kelly Oubre,2
Louisiana,Robert Pack,13
Louisiana,Gerald Paddio,3
Louisiana,Robert Parish*,21
Louisiana,Elfrid Payton,3
Louisiana,Bobby Phills,9
Louisiana,Cincinnatus Powell,8
Louisiana,Anthony Pullard,1
Louisiana,Chris Quinn,6
Louisiana,James Ray,3
Louisiana,Eldridge Recasner,8
Louisiana,Larry Robinson,7
Louisiana,Donald Royal,8
Louisiana,John Rudd,1
Louisiana,Robert Sacre,4
Louisiana,Mike Sanders,11
Louisiana,Bruce Seals,5
Louisiana,James Silas,10
Louisiana,Walter Simon,7
Louisiana,Donald Sloan,5
Louisiana,Keith Smart,1
Louisiana,Mike Smith,1
Louisiana,Sam Smith,2
Louisiana,Stromile Swift,9
Louisiana,Collis Temple,1
Louisiana,Garrett Temple,7
Louisiana,Billy Thomas,3
Louisiana,Tyrus Thomas,8
Louisiana,Marcus Thornton,8
Louisiana,Von Wafer,6
Louisiana,Randy White,5
Louisiana,Morlon Wiley,7
Louisiana,Brandon Williams,3
Louisiana,Hot Rod Williams,13
Louisiana,Nate Williams,8
Louisiana,Dedric Willoughby,1
Louisiana,Nikita Wilson,1
Louisiana,Orlando Woolridge,13
Louisiana,Larry Wright,6
Louisiana,Thaddeus Young,10
Louisiana,Tony Zeno,1
Louisiana,Derrick Zimmerman,1
Maine,Jeff Turner,10
Maryland,Ken Bannister,5
Maryland,Will Barton,5
Maryland,Dave Batton,2
Maryland,Lonny Baxter,4
Maryland,Michael Beasley,9
Maryland,Norman Black,1
Maryland,Muggsy Bogues,14
Maryland,Josh Boone,4
Maryland,Keith Booth,2
Maryland,Charles Bradley,3
Maryland,Dudley Bradley,9
Maryland,Reggie Bullock,4
Maryland,Evers Burns,1
Maryland,Sam Cassell,15
Maryland,Marcus Cousin,1
Maryland,Dante Cunningham,8
Maryland,Quintin Dailey,10
Maryland,Malcolm Delaney,1
Maryland,Juan Dixon,7
Maryland,Joey Dorsey,4
Maryland,Terry Dozier,1
Maryland,Jerome Dyson,1
Maryland,Corsley Edwards,1
Maryland,Kim English,1
Maryland,Duane Ferrell,11
Maryland,Danny Ferry,13
Maryland,Steve Francis,9
Maryland,Rudy Gay,11
Maryland,Jerian Grant,2
Maryland,Devin Gray,2
Maryland,Jeff Green,9
Maryland,Kevin Henderson,2
Maryland,Jarrett Jack,11
Maryland,Tracy Jackson,3
Maryland,Thomas Jordan,1
Maryland,Ty Lawson,8
Maryland,Kurk Lee,1
Maryland,Reggie Lewis,6
Maryland,Matt Maloney,6
Maryland,Chris McCray,1
Maryland,Rodney McGruder,1
Maryland,Rodney Monroe,1
Maryland,Terence Morris,3
Maryland,Gary Neal,6
Maryland,Daniel Ochefu,1
Maryland,Victor Oladipo,4
Maryland,Arinze Onuaku,3
Maryland,Dennis Scott,10
Maryland,Josh Selby,2
Maryland,Dickey Simpkins,7
Maryland,Henry Sims,4
Maryland,Larry Spriggs,5
Maryland,DaJuan Summers,4
Maryland,Mike Sweetney,4
Maryland,Marvin Webster,10
Maryland,Reggie Williams,10
Maryland,Kennard Winchester,3
Maryland,David Wingate,15
Maryland,Perry Young,1
Massachusetts,Jeff Adrien,5
Massachusetts,John Amaechi,5
Massachusetts,Antonio Anderson,1
Massachusetts,Cedric Ball,1
Massachusetts,Dana Barros,14
Massachusetts,Travis Best,10
Massachusetts,Bob Bigelow,4
Massachusetts,Will Blalock,1
Massachusetts,Michael Bradley,5
Massachusetts,Bob Carrington,2
Massachusetts,Michael Carter-Williams,4
Massachusetts,Pat Connaughton,2
Massachusetts,Bill Curley,5
Massachusetts,Vinny Del Negro,12
Massachusetts,Terry Driscoll,5
Massachusetts,Patrick Ewing,1
Massachusetts,Matt Geiger,10
Massachusetts,Adam Harrington,1
Massachusetts,Chris Herren,2
Massachusetts,Randell Jackson,2
Massachusetts,Bill Laimbeer,14
Massachusetts,Jake Layman,1
Massachusetts,Ron Lee,6
Massachusetts,Dwayne McClain,1
Massachusetts,Shabazz Napier,3
Massachusetts,Georges Niang,1
Massachusetts,Demetris Nichols,2
Massachusetts,Nerlens Noel,3
Massachusetts,Courtney Sims,2
Massachusetts,Wayne Turner,1
Massachusetts,Noah Vonleh,3
Michigan,Maurice Ager,4
Michigan,Victor Alexander,5
Michigan,Keith Appling,1
Michigan,B.J. Armstrong,11
Michigan,Shane Battier,13
Michigan,Charlie Bell,7
Michigan,Ricky Berry,1
Michigan,Devin Booker,2
Michigan,John Brisker,6
Michigan,P.J. Brown,15
Michigan,Willie Burton,8
Michigan,Demetrius Calip,1
Michigan,Geno Carlisle,1
Michigan,Wilson Chandler,9
Michigan,Mateen Cleaves,6
Michigan,Fred Cofield,2
Michigan,Duane Cooper,2
Michigan,Chris Crawford,7
Michigan,Joe Crawford,1
Michigan,Jordan Crawford,4
Michigan,Earl Cureton,12
Michigan,Mel Daniels*,9
Michigan,Deyonta Davis,1
Michigan,Johnny Davis,10
Michigan,Paul Davis,4
Michigan,Paul Dawkins,1
Michigan,Andrew DeClercq,10
Michigan,Derrick Dial,4
Michigan,Chris Douglas-Roberts,6
Michigan,Terry Duerod,4
Michigan,Charles Edge,2
Michigan,Howard Eisley,12
Michigan,Bob Elliott,3
Michigan,Desmon Farmer,2
Michigan,Kay Felder,1
Michigan,Desmond Ferguson,1
Michigan,Marcus Fizer,6
Michigan,Bryn Forbes,1
Michigan,Tony Fuller,1
Michigan,Terry Furlow,4
Michigan,Derrick Gervin,2
Michigan,George Gervin*,14
Michigan,Ben Gillery,1
Michigan,Jeff Grayer,9
Michigan,Draymond Green,5
Michigan,Willie Green,12
Michigan,Paul Griffin,7
Michigan,Malik Hairston,2
Michigan,Darvin Ham,8
Michigan,Ben Handlogten,2
Michigan,Alan Hardy,2
Michigan,Manny Harris,3
Michigan,Robert Hawkins,4
Michigan,Nate Huffman,1
Michigan,Jermaine Jackson,5
Michigan,Darryl Johnson,1
Michigan,Ken Johnson,1
Michigan,Magic Johnson*,13
Michigan,Bill Jones,1
Michigan,Chris Kaman,13
Michigan,Negele Knight,6
Michigan,Joe Kopicki,3
Michigan,Tom LaGarde,6
Michigan,Voshon Lenard,11
Michigan,Kevin Loder,3
Michigan,Grant Long,15
Michigan,John Long,14
Michigan,Kalin Lucas,1
Michigan,Mark Macon,6
Michigan,Dan Majerle,14
Michigan,Devyn Marble,2
Michigan,Roy Marble,2
Michigan,Donny Marshall,5
Michigan,Kenyon Martin,15
Michigan,Bill Mayfield,1
Michigan,Tim McCormick,8
Michigan,JaVale McGee,9
Michigan,Anthony Miller,8
Michigan,Terry Mills,11
Michigan,Eric Money,6
Michigan,Ira Newble,8
Michigan,Connie Norman,3
Michigan,Mike Peplowski,3
Michigan,Morris Peterson,11
Michigan,Gary Plummer,2
Michigan,Ben Poquette,10
Michigan,Shawn Respert,4
Michigan,Jason Richardson,13
Michigan,Anthony Roberson,3
Michigan,Terrance Roberson,1
Michigan,Tony Robertson,2
Michigan,Eddie Robinson,5
Michigan,Carlos Rogers,8
Michigan,Jalen Rose,13
Michigan,Dan Roundfield,12
Michigan,Guy Rucker,1
Michigan,Walker Russell,1
Michigan,Walker Russell,6
Michigan,Steve Scheffler,7
Michigan,Tom Scheffler,1
Michigan,Brent Scott,1
Michigan,John Shasky,3
Michigan,Ralph Simpson,10
Michigan,Doug Smith,5
Michigan,Keith Smith,1
Michigan,Steve Smith,14
Michigan,Matt Steigenga,1
Michigan,Barry Stevens,1
Michigan,Maurice Taylor,9
Michigan,Rudy Tomjanovich,11
Michigan,Robert Traylor,7
Michigan,Terry Tyler,11
Michigan,Tyler Ulis,1
Michigan,Denzel Valentine,1
Michigan,Loy Vaught,11
Michigan,Jay Vincent,9
Michigan,Sam Vincent,7
Michigan,Chris Webber,15
Michigan,Robert Whaley,1
Michigan,Shayne Whittington,2
Michigan,James Young,3
Minnesota,Cole Aldrich,7
Minnesota,Alan Anderson,8
Minnesota,Troy Bell,1
Minnesota,Randy Breuer,11
Minnesota,Ben Coleman,5
Minnesota,Tom Copa,1
Minnesota,Khalid El-Amin,1
Minnesota,Chris Engler,5
Minnesota,Devean George,11
Minnesota,Kris Humphries,13
Minnesota,Sam Jacobson,3
Minnesota,Tyus Jones,2
Minnesota,Alec Kessler,4
Minnesota,Arvid Kramer,1
Minnesota,Jeff Lamp,6
Minnesota,Jon Leuer,6
Minnesota,Brad Lohaus,11
Minnesota,Kevin Lynch,2
Minnesota,Bob Martin,2
Minnesota,Kevin McHale*,13
Minnesota,Kevin McKenna,6
Minnesota,Mike Muscala,4
Minnesota,Jeff Nordgaard,1
Minnesota,Mark Olberding,12
Minnesota,Jim Petersen,8
Minnesota,Joel Przybilla,13
Minnesota,Mark Randall,4
Minnesota,John Thomas,5
Minnesota,Rashad Vaughn,2
Minnesota,Matt Wenstrom,1
Minnesota,Royce White,1
Minnesota,Trevor Winter,1
Minnesota,Nate Wolters,2
Mississippi,Mahmoud Abdul-Rauf,9
Mississippi,Earl Barron,8
Mississippi,Billy Ray Bates,4
Mississippi,Jonathan Bender,8
Mississippi,Melvin Booker,2
Mississippi,Alonzo Bradley,3
Mississippi,Dee Brown,2
Mississippi,Rickey Brown,5
Mississippi,Jackie Butler,3
Mississippi,Isaiah Canaan,4
Mississippi,Maurice Carter,1
Mississippi,Harvey Catchings,11
Mississippi,Terry Catledge,8
Mississippi,E.C. Coleman,6
Mississippi,Joe Courtney,4
Mississippi,Erick Dampier,16
Mississippi,Ronald Dupree,6
Mississippi,Keith Edmonson,2
Mississippi,Monta Ellis,12
Mississippi,Alphonso Ford,2
Mississippi,Gerald Glass,4
Mississippi,Lancaster Gordon,4
Mississippi,Litterial Green,5
Mississippi,Mike Green,7
Mississippi,Tang Hamilton,1
Mississippi,Othella Harrington,12
Mississippi,Antonio Harvey,8
Mississippi,Spencer Haywood*,13
Mississippi,Rodney Hood,3
Mississippi,Eddie Hughes,3
Mississippi,Lindsey Hunter,17
Mississippi,Al Jefferson,13
Mississippi,Clay Johnson,3
Mississippi,George Johnson,13
Mississippi,John Johnson,12
Mississippi,Trey Johnson,3
Mississippi,Charles Jones,4
Mississippi,Randolph Keys,5
Mississippi,Sam Lacey,13
Mississippi,Wendell Ladner,5
Mississippi,Ronnie Lester,6
Mississippi,Danny Manning,15
Mississippi,Ed Manning,9
Mississippi,Antonio McDyess,15
Mississippi,Derrick McKey,15
Mississippi,Dyron Nix,1
Mississippi,Audie Norris,3
Mississippi,Sylvester Norris,1
Mississippi,Willie Norwood,7
Mississippi,Johnny O'Bryant,2
Mississippi,Travis Outlaw,11
Mississippi,Kenny Payne,4
Mississippi,Michael Phelps,3
Mississippi,Justin Reed,3
Mississippi,James Robinson,7
Mississippi,Purvis Short,12
Mississippi,Larry Smith,13
Mississippi,John Stroud,1
Mississippi,Sedric Toney,5
Mississippi,Henry Ward,2
Mississippi,Eric Washington,2
Mississippi,Slick Watts,6
Mississippi,Clarence Weatherspoon,13
Mississippi,Nick Weatherspoon,7
Mississippi,Dwayne Whitfield,1
Mississippi,Mo Williams,13
Missouri,Blake Ahearn,3
Missouri,Kim Anderson,1
Missouri,Bradley Beal,5
Missouri,Anthony Bonner,6
Missouri,Alec Burks,5
Missouri,Chris Carr,6
Missouri,Hiram Fuller,1
Missouri,Bill Garnett,4
Missouri,Ben Hansbrough,1
Missouri,Tyler Hansbrough,7
Missouri,Josh Harrellson,3
Missouri,Steve Harris,5
Missouri,Derek Hood,1
Missouri,Larry Hughes,13
Missouri,Robin Jones,2
Missouri,David Lee,12
Missouri,Tyronn Lue,11
Missouri,Cuonzo Martin,2
Missouri,Patrick McCaw,1
Missouri,Ben McLemore,4
Missouri,Gene Moore,7
Missouri,Ivano Newbill,3
Missouri,Anthony Peeler,13
Missouri,Otto Porter,4
Missouri,Willie Reed,2
Missouri,Brandon Rush,9
Missouri,Kareem Rush,7
Missouri,Scott Sims,1
Missouri,Steve Stipanovich,5
Missouri,David Thirdkill,5
Missouri,Malcolm Thomas,4
Missouri,Anthony Tolliver,9
Missouri,Dean Tolson,3
Missouri,Jahidi White,7
Missouri,Jo Jo White*,12
Missouri,Loren Woods,6
Montana,Brad Holland,3
Montana,Phil Jackson*,12
Montana,Coby Karl,2
Montana,Larry Krystkowiak,9
Montana,Mike Lewis,6
Montana,Adam Morrison,3
Montana,Keith Tower,4
Nebraska,Mike Higgins,2
Nebraska,Fred Hoiberg,10
Nebraska,Dave Hoppen,6
Nebraska,Rich King,4
Nebraska,Bart Kofoed,5
Nebraska,Mark Pope,6
Nebraska,Alex Stivrins,2
Nebraska,Rex Walters,7
Nevada,Greg Anthony,11
Nevada,Marcus Banks,8
Nevada,Ricky Davis,12
Nevada,Pat Garrity,10
Nevada,Darington Hobson,1
Nevada,Willie Smith,4
Nevada,C.J. Watson,10
New Hampshire,Matt Bonner,12
New Jersey,Rafael Addison,6
New Jersey,Malik Allen,10
New Jersey,Wade Baldwin,1
New Jersey,Rick Barry*,14
New Jersey,Mike Bibby,14
New Jersey,Alex Blackwell,1
New Jersey,Ira Bowman,3
New Jersey,Marques Bragg,1
New Jersey,Gary Brokaw,4
New Jersey,MarShon Brooks,3
New Jersey,Mike Brown,11
New Jersey,Mark Bryant,15
New Jersey,Andrew Bynum,8
New Jersey,Tony Campbell,11
New Jersey,Derrick Caracter,1
New Jersey,Rakeem Christmas,2
New Jersey,Earl Clark,6
New Jersey,Chris Copeland,4
New Jersey,Hollis Copeland,2
New Jersey,Joe Crispin,1
New Jersey,John Crotty,11
New Jersey,Brian Davis,1
New Jersey,Kenneth Faried,6
New Jersey,Chris Ford,10
New Jersey,Jimmy Foster,2
New Jersey,Randy Foye,11
New Jersey,Gary Garland,1
New Jersey,Chris Gatling,11
New Jersey,Reggie Geary,2
New Jersey,Tate George,4
New Jersey,Gerald Govan,9
New Jersey,Greg Grant,6
New Jersey,Al Harrington,16
New Jersey,Gerald Henderson,8
New Jersey,Roy Hinson,8
New Jersey,Dennis Horner,1
New Jersey,Bobby Hurley,5
New Jersey,Horace Jenkins,1
New Jersey,Dahntay Jones,12
New Jersey,Chad Kinch,1
New Jersey,Brandin Knight,1
New Jersey,Brevin Knight,12
New Jersey,Mo Layton,5
New Jersey,George Lehmann,7
New Jersey,Bob McCann,5
New Jersey,Forrest McKenzie,1
New Jersey,Roshown McLeod,3
New Jersey,Glenn Mosley,2
New Jersey,Xavier Munford,1
New Jersey,Eric Murdock,9
New Jersey,Troy Murphy,12
New Jersey,Mike O'Koren,8
New Jersey,Shaquille O'Neal*,19
New Jersey,Joe Pace,2
New Jersey,Billy Paultz,15
New Jersey,Aulcie Perry,1
New Jersey,Tim Perry,8
New Jersey,Kasib Powell,1
New Jersey,A.J. Price,6
New Jersey,Rodrick Rhodes,3
New Jersey,Malachi Richardson,1
New Jersey,David Rivers,3
New Jersey,Dennis Rodman*,14
New Jersey,Lou Roe,2
New Jersey,Brian Rowsom,3
New Jersey,James Scott,1
New Jersey,Chris Smith,1
New Jersey,J.R. Smith,13
New Jersey,Jim Spanarkel,5
New Jersey,Brian Taylor,10
New Jersey,Tyshawn Taylor,2
New Jersey,Tim Thomas,13
New Jersey,Billy Thompson,6
New Jersey,Jason Thompson,8
New Jersey,Karl-Anthony Towns,2
New Jersey,Kelly Tripucka,10
New Jersey,Bob Verga,6
New Jersey,Dajuan Wagner,4
New Jersey,Milt Wagner,2
New Jersey,Darryl Watkins,2
New Jersey,David West,14
New Jersey,Clinton Wheeler,2
New Jersey,Eric Williams,12
New Jersey,Jay Williams,1
New Jersey,Bill Willoughby,8
New Jersey,Garry Witts,1
New Jersey,Luther Wright,1
New Mexico,Cedric Jackson,1
New Mexico,Damion James,4
New Mexico,Alex Kirk,1
New Mexico,Matt Othick,1
New Mexico,Andre Roberson,4
New Mexico,Rudy White,5
New York,Zaid Abdul-Aziz,10
New York,Kareem Abdul-Jabbar*,20
New York,Derrick Alston,3
New York,Rafer Alston,11
New York,Kenny Anderson,14
New York,Kyle Anderson,3
New York,Carmelo Anthony,14
New York,Tiny Archibald*,13
New York,Joe Arlauckas,1
New York,Hilton Armstrong,6
New York,Renaldo Balkman,6
New York,Erick Barkley,2
New York,Andre Barrett,4
New York,Brent Barry,14
New York,Eddie Basden,1
New York,Ron Behagen,7
New York,Walter Berry,3
New York,Joe Binion,1
New York,James Blackwell,1
New York,Andray Blatche,9
New York,Mark Blount,9
New York,Curtis Borchardt,2
New York,Jim Bostic,1
New York,Elton Brand,17
New York,Frank Brickowski,12
New York,Dave Britton,1
New York,Chucky Brown,13
New York,Damone Brown,4
New York,Ernest Brown,1
New York,Roger Brown*,8
New York,Rick Brunson,9
New York,George Bucci,1
New York,Steve Burtt,4
New York,Marty Byrnes,4
New York,Rick Carlisle,5
New York,George Carter,8
New York,Reggie Carter,2
New York,Duane Causwell,11
New York,Lionel Chalmers,1
New York,Lorenzo Charles,1
New York,Derrick Chievous,3
New York,Speedy Claxton,7
New York,Marty Conlon,9
New York,Omar Cook,2
New York,Charlie Criss,8
New York,Billy Cunningham*,11
New York,Lloyd Daniels,5
New York,Terry Dehere,6
New York,Ike Diogu,6
New York,Billy Donovan,1
New York,Quincy Douby,3
New York,Andre Drummond,5
New York,Mike Dunleavy,11
New York,Cleanthony Early,2
New York,Devin Ebanks,3
New York,Franklin Edwards,7
New York,Mario Elie,11
New York,Len Elmore,10
New York,Julius Erving*,16
New York,Vern Fleming,12
New York,Bruce Flowers,1
New York,Jonny Flynn,3
New York,Jeff Foote,1
New York,Jimmer Fredette,5
New York,Channing Frye,11
New York,Sundiata Gaines,3
New York,Taj Gibson,8
New York,Butch Graves,1
New York,Danny Green,8
New York,Sidney Green,10
New York,Tom Gugliotta,13
New York,Rudy Hackett,2
New York,Zendon Hamilton,6
New York,Maurice Harkless,5
New York,Tobias Harris,6
New York,Connie Hawkins*,9
New York,Lazar Hayward,3
New York,Brendan Haywood,13
New York,Roy Hibbert,9
New York,Armond Hill,8
New York,Julius Hodge,2
New York,Geoff Huston,8
New York,Marc Iavaroni,7
New York,Royal Ivey,10
New York,Mark Jackson,17
New York,Mike James,12
New York,Charles Jenkins,2
New York,Cheese Johnson,1
New York,Eric Johnson,1
New York,George Johnson,8
New York,Vinnie Johnson,13
New York,Charles Jones,2
New York,Hutch Jones,2
New York,Kevin Jones,1
New York,Mark Jones,1
New York,Shelton Jones,1
New York,Adonis Jordan,2
New York,Michael Jordan*,15
New York,Kevin Joyce,3
New York,Ryan Kelly,4
New York,Tim Kempton,8
New York,Irv Kiffin,1
New York,Sean Kilpatrick,3
New York,Albert King,9
New York,Bernard King*,14
New York,Toby Knight,4
New York,Mitch Kupchak,9
New York,Christian Laettner,13
New York,Doron Lamb,2
New York,Bob Lanier*,14
New York,Art Long,3
New York,Scott Machado,1
New York,Ollie Mack,3
New York,Stephon Marbury,13
New York,Ricky Marsh,1
New York,Maurice Martin,2
New York,Jamal Mashburn,11
New York,Rodney McCray,10
New York,Scooter McCray,3
New York,Chris McCullough,2
New York,Tom McMillen,11
New York,Eric Mobley,3
New York,Ron Moore,1
New York,John Morton,3
New York,Arnett Moultrie,2
New York,Chris Mullin*,16
New York,Ruben Nembhard,1
New York,Joakim Noah,10
New York,Jimmy O'Brien,4
New York,Kyle O'Quinn,5
New York,Dan O'Sullivan,4
New York,Greg Oden,3
New York,Lamar Odom,14
New York,Tom Owens,12
New York,Walter Palmer,2
New York,Smush Parker,5
New York,Sam Perkins,17
New York,Derrick Phelps,1
New York,Ed Pinckney,12
New York,Harold Pressley,4
New York,Tony Price,1
New York,Andy Rautins,1
New York,Allan Ray,1
New York,Khalid Reeves,6
New York,Billy Reid,1
New York,Terrence Rencher,1
New York,Jerry Reynolds,8
New York,Norm Richardson,1
New York,Marv Roberts,6
New York,Clifford Robinson,18
New York,Jamal Robinson,1
New York,John Roche,8
New York,Sean Rooks,12
New York,Rob Rose,1
New York,Jim Rowinski,2
New York,Derrick Rowland,1
New York,Trevor Ruffin,2
New York,Jeff Ruland,8
New York,John Salley,11
New York,Kenny Satterfield,2
New York,Billy Schaeffer,3
New York,Danny Schayes,18
New York,John Schweitz,2
New York,Charlie Scott,10
New York,Shawnelle Scott,4
New York,Carey Scurry,3
New York,Malik Sealy,8
New York,God Shammgod,1
New York,Steve Sheppard,2
New York,Al Skinner,6
New York,Kenny Smith,10
New York,Michael Smith,3
New York,Randy Smith,12
New York,Russ Smith,2
New York,Ricky Sobers,11
New York,James Southerland,1
New York,Kevin Stacom,6
New York,Lance Stephenson,7
New York,Kebu Stewart,1
New York,Ed Stokes,1
New York,D.J. Strawberry,1
New York,Rod Strickland,17
New York,Chris Taft,1
New York,Roy Tarpley,6
New York,Earl Tatum,4
New York,Oliver Taylor,4
New York,Sebastian Telfair,10
New York,Etan Thomas,9
New York,Irving Thomas,1
New York,Jamel Thomas,2
New York,James Thomas,2
New York,Lance Thomas,6
New York,Trey Thompkins,1
New York,George Thompson,6
New York,Jamaal Tinsley,11
New York,Bernard Toone,1
New York,Edwin Ubiles,1
New York,Charlie Villanueva,11
New York,Foots Walker,10
New York,Kemba Walker,6
New York,John Wallace,7
New York,Pearl Washington,3
New York,Robert Werdann,3
New York,Isaiah Whitehead,1
New York,Fly Williams,1
New York,Gus Williams,11
New York,Kevin Williams,5
New York,Ray Williams,10
New York,Rickey Williams,1
New York,Shammond Williams,7
New York,Brian Winters,9
New York,Dave Wohl,7
New York,Howard Wood,1
New York,Metta World Peace,17
New York,Sam Worthen,2
New York,A.J. Wynder,1
North Carolina,George Adams,3
North Carolina,Darrell Armstrong,14
North Carolina,Anthony Avent,6
North Carolina,Gus Bailey,5
North Carolina,Kent Bazemore,5
North Carolina,DeAndre' Bembry,1
North Carolina,Henry Bibby,9
North Carolina,Wayman Britt,1
North Carolina,Tom Burleson,7
North Carolina,Junior Burrough,1
North Carolina,M.L. Carr,10
North Carolina,Jim Cleamons,9
North Carolina,Richard Coffey,1
North Carolina,Geoff Crompton,5
North Carolina,JamesOn Curry,1
North Carolina,Seth Curry,4
North Carolina,Brad Daugherty,8
North Carolina,Hubert Davis,12
North Carolina,Lee Davis,8
North Carolina,Walter Davis,15
North Carolina,Tony Dawson,2
North Carolina,Kenny Dennard,3
North Carolina,Randy Denton,6
North Carolina,Byron Dinkins,2
North Carolina,Mike Evans,9
North Carolina,Sleepy Floyd,13
North Carolina,Phil Ford,7
North Carolina,Todd Fuller,5
North Carolina,Kenny Gattison,9
North Carolina,P.J. Hairston,2
North Carolina,Reggie Hanson,1
North Carolina,Montrezl Harrell,2
North Carolina,Junior Harrington,3
North Carolina,Dave Henderson,1
North Carolina,John Henson,5
North Carolina,Brian Howard,2
North Carolina,Josh Howard,10
North Carolina,Lou Hudson,13
North Carolina,Othello Hunter,2
North Carolina,Brandon Ingram,1
North Carolina,Bobby Jackson,12
North Carolina,DeMarco Johnson,1
North Carolina,Darius Johnson-Odom,2
North Carolina,Bobby Jones,12
North Carolina,Clarence Kea,2
North Carolina,Goo Kennedy,6
North Carolina,Chris King,3
North Carolina,Rusty LaRue,5
North Carolina,John Lucas,14
North Carolina,Cedric Maxwell,11
North Carolina,Eric Maynor,5
North Carolina,Bob McAdoo*,14
North Carolina,Rashad McCants,4
North Carolina,Jeff McInnis,11
North Carolina,Nate McMillan,12
North Carolina,Jim McMillian,9
North Carolina,Larry McNeill,6
North Carolina,Anthony Morrow,9
North Carolina,Jerrod Mustaf,4
North Carolina,David Noel,1
North Carolina,Chris Paul,12
North Carolina,Sam Pellom,4
North Carolina,Charles Pittman,4
North Carolina,Shavlik Randolph,8
North Carolina,Wayne Robinson,1
North Carolina,Rodney Rogers,12
North Carolina,Reggie Royals,1
North Carolina,Delaney Rudd,4
North Carolina,Ansu Sesay,4
North Carolina,Charles Shackleford,6
North Carolina,Cedric Simmons,3
North Carolina,Ish Smith,7
North Carolina,Jerry Stackhouse,18
North Carolina,Brook Steppe,5
North Carolina,Carlos Terry,3
North Carolina,David Thompson*,9
North Carolina,Kevin Thompson,1
North Carolina,P.J. Tucker,6
North Carolina,Trent Tucker,11
North Carolina,Fred Vinson,2
North Carolina,John Wall,7
North Carolina,T.J. Warren,3
North Carolina,Chris Washburn,2
North Carolina,Jamie Watson,4
North Carolina,Tony White,1
North Carolina,Hassan Whiteside,5
North Carolina,Mitchell Wiggins,6
North Carolina,Chris Wilcox,11
North Carolina,Damien Wilkins,9
North Carolina,Buck Williams,17
North Carolina,Kenny Williams,4
North Carolina,Bubba Wilson,1
North Carolina,Haywoode Workman,8
North Carolina,James Worthy*,12
North Carolina,Danny Young,10
North Dakota,Glenn Hansen,3
North Dakota,Les Jepsen,2
North Dakota,Tyler Johnson,3
North Dakota,Mark Landsberger,7
North Dakota,Doug McDermott,3
Ohio,Dwight Anderson,1
Ohio,Luke Babbitt,7
Ohio,LaMark Baker,1
Ohio,Mike Barr,5
Ohio,Keith Benson,1
Ohio,Tom Boerwinkle,10
Ohio,Calvin Booth,10
Ohio,Lawrence Boston,1
Ohio,Earl Boykins,13
Ohio,J.R. Bremer,2
Ohio,Trey Burke,4
Ohio,Rick Calloway,1
Ohio,Butch Carter,6
Ohio,Semaj Christon,1
Ohio,Norris Cole,5
Ohio,Jason Collier,5
Ohio,Don Collins,6
Ohio,Daequan Cook,6
Ohio,Terry Crosby,1
Ohio,Stephen Curry,8
Ohio,Antonio Daniels,13
Ohio,Erik Daniels,1
Ohio,Harry Davis,2
Ohio,Monti Davis,1
Ohio,Derrek Dickey,5
Ohio,Bill Edwards,1
Ohio,John Edwards,2
Ohio,Kevin Edwards,11
Ohio,Evan Eschmeyer,4
Ohio,Jamie Feick,5
Ohio,Lawrence Funderburke,7
Ohio,Brian Grant,12
Ohio,Gary Grant,13
Ohio,Devin Green,1
Ohio,Kevin Grevey,10
Ohio,Greg Griffin,1
Ohio,Bill Hanzlik,10
Ohio,Ron Harper,15
Ohio,Matt Harpring,11
Ohio,John Havlicek*,16
Ohio,Michael Hawkins,4
Ohio,Bill Higgins,1
Ohio,Tyrone Hill,14
Ohio,Robert Hite,1
Ohio,Dennis Hopson,5
Ohio,Phil Hubbard,10
Ohio,Rick Hughes,1
Ohio,Brandon Hunter,2
Ohio,R.J. Hunter,2
Ohio,Jim Jackson,14
Ohio,LeBron James,14
Ohio,Kannard Johnson,1
Ohio,Steve Johnson,10
Ohio,Larry Jones,8
Ohio,Clark Kellogg,5
Ohio,Kerry Kittles,8
Ohio,Kosta Koufos,9
Ohio,Bo Lamar,4
Ohio,Jerome Lane,5
Ohio,Shane Larkin,3
Ohio,Manny Leaks,6
Ohio,Caris LeVert,1
Ohio,Steve Malovic,1
Ohio,Kevin Martin,12
Ohio,Scott May,7
Ohio,C.J. McCollum,4
Ohio,John McCullough,1
Ohio,Keith McLeod,4
Ohio,Todd Mitchell,1
Ohio,Steve Mix,13
Ohio,Byron Mullens,5
Ohio,Larry Nance Jr.,2
Ohio,Martin Nessley,1
Ohio,Melvin Newbern,1
Ohio,Charles Oakley,19
Ohio,Alan Ogg,3
Ohio,Louis Orr,8
Ohio,Chris Owens,1
Ohio,Ruben Patterson,10
Ohio,Jim Paxson,11
Ohio,John Paxson,11
Ohio,Adreian Payne,3
Ohio,Eric Piatkowski,14
Ohio,James Posey,12
Ohio,Kelvin Ransey,6
Ohio,Ed Ratleff,5
Ohio,Michael Redd,12
Ohio,Eric Riley,5
Ohio,Brian Roberts,5
Ohio,Alvin Robertson,10
Ohio,Dave Robisch,13
Ohio,Scott Roth,3
Ohio,Terry Rozier,2
Ohio,JaKarr Sampson,2
Ohio,Frankie Sanders,2
Ohio,Fred Saunders,4
Ohio,Brad Sellers,6
Ohio,Casey Shaw,1
Ohio,Clinton Smith,2
Ohio,Jim Smith,2
Ohio,Eric Snow,13
Ohio,Dick Snyder,13
Ohio,Jared Sullinger,4
Ohio,Larry Sykes,1
Ohio,Carl Thomas,3
Ohio,Charles Thomas,1
Ohio,LaSalle Thompson,15
Ohio,Gary Trent,9
Ohio,Norm Van Lier,10
Ohio,Granville Waiters,5
Ohio,Samaki Walker,10
Ohio,Herb Williams,18
Ohio,Jawad Williams,3
Ohio,Chris Wright,2
Ohio,Rich Yonakor,1
Oklahoma,Ron Boone,13
Oklahoma,Anthony Bowie,8
Oklahoma,Antoine Carr,16
Oklahoma,Leroy Combs,1
Oklahoma,Richard Dumas,3
Oklahoma,J.R. Giddens,2
Oklahoma,Blake Griffin,7
Oklahoma,Taylor Griffin,1
Oklahoma,Carl Henry,1
Oklahoma,Ryan Humphrey,3
Oklahoma,Darnell Jackson,3
Oklahoma,Stacey King,8
Oklahoma,Lee Mayberry,7
Oklahoma,Clint McDaniel,1
Oklahoma,Tracy Moore,5
Oklahoma,Daniel Orton,3
Oklahoma,Brent Price,9
Oklahoma,Mark Price,12
Oklahoma,Josh Richardson,2
Oklahoma,Ryan Robertson,1
Oklahoma,Shea Seals,1
Oklahoma,John Starks,13
Oklahoma,Wayman Tisdale,12
Oklahoma,Ekpe Udoh,5
Oklahoma,David Vaughn,4
Oklahoma,Jake Voskuhl,9
Oklahoma,Shelden Williams,6
Oregon,Danny Ainge,14
Oregon,Terrell Brandon,11
Oregon,Ronnie Brewer,8
Oregon,Will Conroy,3
Oregon,Josh Davis,4
Oregon,Dan Dickau,6
Oregon,Thomas Gardner,2
Oregon,Jerami Grant,3
Oregon,A.C. Green,16
Oregon,Luke Jackson,4
Oregon,Terrence Jones,5
Oregon,Aaron Miles,1
Oregon,Mike Newlin,11
Oregon,Terrence Ross,5
Oregon,Domantas Sabonis,1
Oregon,Kyle Singler,5
Oregon,Charlie Sitton,1
Oregon,Damon Stoudamire,13
Oregon,Salim Stoudamire,3
Oregon,Ime Udoka,7
Oregon,Richard Washington,6
Oregon,Kyle Wiltjer,1
Pennsylvania,Jerome Allen,2
Pennsylvania,Lavoy Allen,6
Pennsylvania,Michael Anderson,1
Pennsylvania,Jimmie Baker,1
Pennsylvania,Gene Banks,6
Pennsylvania,Mike Bantom,9
Pennsylvania,Johnny Baum,5
Pennsylvania,Mel Bennett,5
Pennsylvania,Del Beshore,2
Pennsylvania,Nate Blackwell,1
Pennsylvania,DeJuan Blair,7
Pennsylvania,Sam Bowie,10
Pennsylvania,Jim Brogan,2
Pennsylvania,Michael Brooks,6
Pennsylvania,Myron Brown,1
Pennsylvania,Joe Bryant,8
Pennsylvania,Kobe Bryant,20
Pennsylvania,Rasual Butler,13
Pennsylvania,Larry Cannon,4
Pennsylvania,Matt Carroll,10
Pennsylvania,Ron Carter,2
Pennsylvania,Dionte Christmas,1
Pennsylvania,Mardy Collins,4
Pennsylvania,Sean Colson,1
Pennsylvania,Dallas Comegys,2
Pennsylvania,Chubby Cox,1
Pennsylvania,Pat Cummings,12
Pennsylvania,Brandon Davies,2
Pennsylvania,Brad Davis,15
Pennsylvania,Emanual Davis,6
Pennsylvania,Mickey Davis,6
Pennsylvania,Charles Dudley,6
Pennsylvania,Wayne Ellington,8
Pennsylvania,Tyreke Evans,8
Pennsylvania,Dave Feitl,5
Pennsylvania,Danny Fortson,10
Pennsylvania,Mike Gale,11
Pennsylvania,Gus Gerard,7
Pennsylvania,Armen Gilliam,13
Pennsylvania,Steve Goodrich,2
Pennsylvania,Paul Graham,3
Pennsylvania,Paul Grant,2
Pennsylvania,Lynn Greer,1
Pennsylvania,Eddie Griffin,5
Pennsylvania,Richard Hamilton,14
Pennsylvania,Simmie Hill,4
Pennsylvania,Darrun Hilliard,2
Pennsylvania,Essie Hollis,1
Pennsylvania,Rondae Hollis-Jefferson,2
Pennsylvania,Tom Ingelsby,3
Pennsylvania,Mike Iuzzolino,2
Pennsylvania,Marc Jackson,7
Pennsylvania,Ollie Johnson,10
Pennsylvania,Stew Johnson,9
Pennsylvania,Askia Jones,1
Pennsylvania,Derrick Jones,1
Pennsylvania,Wali Jones,11
Pennsylvania,George Karl,5
Pennsylvania,D.J. Kennedy,1
Pennsylvania,Lari Ketner,2
Pennsylvania,Michael Kidd-Gilchrist,5
Pennsylvania,Bo Kimble,3
Pennsylvania,Billy Knight,11
Pennsylvania,Rob Kurz,1
Pennsylvania,Jim Lampley,1
Pennsylvania,Rich Laurel,1
Pennsylvania,Jason Lawson,1
Pennsylvania,Jeff Lebo,1
Pennsylvania,Ralph Lewis,3
Pennsylvania,Lewis Lloyd,7
Pennsylvania,Kyle Lowry,11
Pennsylvania,Maurice Lucas,14
Pennsylvania,Pete Maravich*,10
Pennsylvania,Donyell Marshall,15
Pennsylvania,Andre McCarter,3
Pennsylvania,T.J. McConnell,2
Pennsylvania,Patrick McFarland,3
Pennsylvania,Aaron McKie,13
Pennsylvania,Bill Melchionni,9
Pennsylvania,Larry Miller,7
Pennsylvania,Cuttino Mobley,11
Pennsylvania,Earl Monroe*,13
Pennsylvania,Johnny Moore,9
Pennsylvania,Marcus Morris,6
Pennsylvania,Markieff Morris,6
Pennsylvania,Ronald Murray,8
Pennsylvania,Jameer Nelson,13
Pennsylvania,John Olive,2
Pennsylvania,Doug Overton,11
Pennsylvania,Billy Owens,10
Pennsylvania,Andy Panko,1
Pennsylvania,Barry Parkhill,3
Pennsylvania,Lamar Patterson,1
Pennsylvania,Tom Piotrowski,1
Pennsylvania,Dave Popson,3
Pennsylvania,Jeremy Richardson,3
Pennsylvania,Pooh Richardson,10
Pennsylvania,Wilbert Robinson,1
Pennsylvania,Malik Rose,13
Pennsylvania,Ron Rowan,1
Pennsylvania,John Salmons,13
Pennsylvania,Mustafa Shakur,2
Pennsylvania,Lionel Simmons,7
Pennsylvania,Sean Singletary,1
Pennsylvania,Steven Smith,1
Pennsylvania,Willard Sojourner,4
Pennsylvania,Larry Stewart,5
Pennsylvania,Bob Sura,10
Pennsylvania,Dave Twardzik,8
Pennsylvania,Dion Waiters,5
Pennsylvania,Phil Walker,1
Pennsylvania,Wally Walker,8
Pennsylvania,Rasheed Wallace,16
Pennsylvania,Matt Walsh,1
Pennsylvania,Hakim Warrick,8
Pennsylvania,Maalik Wayns,2
Pennsylvania,Brant Weidner,1
Pennsylvania,Doug West,12
Pennsylvania,Rodney White,4
Pennsylvania,Alvin Williams,9
Pennsylvania,Earl Williams,4
Pennsylvania,Hank Williams,1
Pennsylvania,Randy Woods,4
Pennsylvania,Dennis Wuycik,3
Rhode Island,Marvin Barnes,6
Rhode Island,Ernie DiGregorio,5
Rhode Island,Tom Garrick,4
Rhode Island,Joe Hassett,6
Rhode Island,Ricky Ledo,2
South Carolina,Willie Anderson,9
South Carolina,Trevor Booker,7
South Carolina,Winford Boynes,3
South Carolina,Kevin Brooks,3
South Carolina,Kwame Brown,12
South Carolina,Pete Chilcutt,9
South Carolina,Tyrone Corbin,16
South Carolina,Michael Dickerson,5
South Carolina,Alex English*,15
South Carolina,Raymond Felton,12
South Carolina,Kevin Garnett,21
South Carolina,Mike Gibson,2
South Carolina,Tom Henderson,9
South Carolina,Harold Jamison,2
South Carolina,Anthony Johnson,13
South Carolina,Xavier McDaniel,12
South Carolina,Khris Middleton,4
South Carolina,Lowes Moore,3
South Carolina,Mikki Moore,13
South Carolina,Larry Nance,13
South Carolina,Jermaine O'Neal,18
South Carolina,Josh Powell,7
South Carolina,Laron Profit,4
South Carolina,Clifford Ray,10
South Carolina,Stanley Roberts,8
South Carolina,Ramon Sessions,10
South Carolina,John Shumate,5
South Carolina,Jayson Williams,9
South Carolina,Travis Williams,2
South Carolina,Leon Wood,6
South Dakota,Mike Miller,17
South Dakota,Jared Reiner,2
South Dakota,Jon Sundvold,9
Tennessee,Vincent Askew,9
Tennessee,Corey Beck,3
Tennessee,William Bedford,6
Tennessee,Tarik Black,3
Tennessee,Corey Brewer,10
Tennessee,Antonio Burks,2
Tennessee,Derrick Byars,1
Tennessee,Rodney Carney,5
Tennessee,Carlos Clark,2
Tennessee,Ian Clark,4
Tennessee,Coty Clarke,1
Tennessee,Lester Conner,12
Tennessee,Charles Davis,8
Tennessee,Tony Delk,10
Tennessee,Larry Finch,2
Tennessee,Chris Garner,2
Tennessee,Calvin Garrett,4
Tennessee,Sylvester Gray,1
Tennessee,Marcus Haislip,4
Tennessee,Steve Hamer,1
Tennessee,Anfernee Hardaway,14
Tennessee,David Harrison,4
Tennessee,Trenton Hassell,9
Tennessee,Kirk Haston,2
Tennessee,Cedric Henderson,5
Tennessee,Keith Herron,3
Tennessee,Otis Howard,1
Tennessee,Lester Hudson,4
Tennessee,Abdul Jeelani,2
Tennessee,John Jenkins,5
Tennessee,Dontae' Jones,1
Tennessee,Popeye Jones,11
Tennessee,Rich Jones,8
Tennessee,Ryan Lorthridge,1
Tennessee,Malcolm Mackey,1
Tennessee,Ted McClain,8
Tennessee,Hank McDowell,6
Tennessee,Darnell Mee,2
Tennessee,Ron Mercer,8
Tennessee,Johnny Neumann,7
Tennessee,Cameron Payne,1
Tennessee,Elliot Perry,10
Tennessee,J.J. Redick,11
Tennessee,Anthony Roberts,5
Tennessee,Ronnie Robinson,2
Tennessee,Doug Roth,1
Tennessee,Campy Russell,9
Tennessee,Alvin Scott,8
Tennessee,McKinley Singleton,1
Tennessee,Bingo Smith,11
Tennessee,Ryan Stack,2
Tennessee,Jarnell Stokes,3
Tennessee,Johnny Taylor,3
Tennessee,Adonis Thomas,1
Tennessee,Paul Thompson,3
Tennessee,Andre Turner,6
Tennessee,Elston Turner,8
Tennessee,David Vaughn,2
Tennessee,Willie White,2
Tennessee,James Wilkes,3
Tennessee,Elliot Williams,4
Tennessee,Lou Williams,12
Tennessee,Shawne Williams,7
Tennessee,Michael Wilson,3
Tennessee,Qyntel Woods,4
Tennessee,Brandan Wright,8
Tennessee,Lorenzen Wright,13
Tennessee,Vincent Yarbrough,1
Tennessee,Stephen Zimmerman,1
Texas,Quincy Acy,5
Texas,LaMarcus Aldridge,11
Texas,Greg Anderson,10
Texas,Darrell Arthur,8
Texas,Chris Babb,1
Texas,Tom Barker,2
Texas,Maceo Baston,4
Texas,Tony Battie,14
Texas,John Beasley,7
Texas,Zelmo Beaty*,12
Texas,Mario Bennett,4
Texas,Lance Blanks,3
Texas,Mookie Blaylock,13
Texas,Chris Bosh,13
Texas,David Burns,1
Texas,Jimmy Butler,6
Texas,Adrian Caldwell,6
Texas,Joe Caldwell,11
Texas,Mack Calvin,11
Texas,Jimmy Carruth,1
Texas,Ron Cavenall,2
Texas,John Celestand,1
Texas,Joe Cooper,3
Texas,Eric Dawson,1
Texas,Michael Doleac,10
Texas,Mike Dunleavy,15
Texas,Pat Durham,2
Texas,Craig Ehlo,14
Texas,Andre Emmett,2
Texas,Earl Evans,1
Texas,Alton Ford,3
Texas,T.J. Ford,8
Texas,Courtney Fortson,1
Texas,Jeff Foster,13
Texas,Tim Frazier,3
Texas,Daniel Gibson,7
Texas,Trey Gilder,1
Texas,Ricky Grace,1
Texas,Gerald Green,10
Texas,Mike Harris,4
Texas,Terrel Harris,2
Texas,Aaron Harrison,2
Texas,Andrew Harrison,1
Texas,Skeeter Henry,1
Texas,Grant Hill,18
Texas,Danuel House,1
Texas,Stephen Howard,4
Texas,Josh Huestis,1
Texas,Cedric Hunter,1
Texas,Stephen Jackson,14
Texas,Charles Johnson,7
Texas,George Johnson,4
Texas,Ivan Johnson,2
Texas,Larry Johnson,10
Texas,Steffond Johnson,1
Texas,Wesley Johnson,7
Texas,Damon Jones,11
Texas,Dwight Jones,10
Texas,DeAndre Jordan,9
Texas,Greg Kite,12
Texas,Keith Langford,1
Texas,Acie Law,4
Texas,Alton Lister,16
Texas,Cartier Martin,7
Texas,Desmond Mason,10
Texas,Wesley Matthews,8
Texas,Sheldon McClellan,1
Texas,Michael McDonald,1
Texas,Ivan McFarlin,1
Texas,Mike McGee,9
Texas,Larry Micheaux,2
Texas,Jordan Mickey,2
Texas,C.J. Miles,12
Texas,Oliver Miller,9
Texas,Eric Moreland,2
Texas,Randolph Morris,4
Texas,Toure' Murry,2
Texas,Emeka Okafor,9
Texas,Kevin Ollie,13
Texas,Greg Ostertag,11
Texas,Bo Outlaw,15
Texas,Kendrick Perkins,13
Texas,Ricky Pierce,16
Texas,Dexter Pittman,4
Texas,Phil Pressey,3
Texas,Ronnie Price,11
Texas,Julius Randle,3
Texas,Micheal Ray Richardson,8
Texas,Lawrence Roberts,2
Texas,Quinton Ross,7
Texas,Daniel Santiago,4
Texas,Jason Sasser,2
Texas,Jeryl Sasser,2
Texas,DeWayne Scales,3
Texas,Xavier Silas,1
Texas,Jonathon Simmons,2
Texas,Brian Skinner,14
Texas,Reggie Slater,8
Texas,Marcus Smart,3
Texas,Charles Smith,5
Texas,LaBradford Smith,3
Texas,Stevin Smith,1
Texas,D.J. Stephens,1
Texas,Terry Teagle,11
Texas,Ira Terrell,2
Texas,Kurt Thomas,18
Texas,Brooks Thompson,4
Texas,Darren Tillis,2
Texas,Myles Turner,2
Texas,B.J. Tyler,1
Texas,Ben Uzoh,2
Texas,Taurean Waller-Prince,1
Texas,Willie Warren,1
Texas,Spud Webb,12
Texas,David Wesley,14
Texas,Art Williams,8
Texas,Micheal Williams,10
Texas,Rob Williams,2
Texas,Sean Williams,4
Texas,Justise Winslow,2
Texas,Rickie Winslow,1
Texas,Bracey Wright,2
Texas,Joe Young,2
Texas,Michael Young,3
Utah,Lance Allred,1
Utah,Devin Brown,8
Utah,Tom Chambers,16
Utah,Devin Durrant,2
Utah,Josh Grant,1
Utah,Travis Hansen,1
Utah,Britton Johnsen,2
Utah,Jeff Judkins,5
Utah,Travis Knight,7
Utah,Pace Mannion,6
Utah,Scot Pollard,11
Utah,Fred Roberts,13
Utah,Byron Scott,14
Utah,Danny Vranes,7
Utah,C.J. Wilcox,3
Virginia,Cory Alexander,7
Virginia,Justin Anderson,2
Virginia,Jerrelle Benimon,1
Virginia,Keith Bogans,11
Virginia,Cal Bowdler,3
Virginia,Dennis Boyd,1
Virginia,Allan Bristow,10
Virginia,Bimbo Coles,14
Virginia,Dell Curry,16
Virginia,Bob Dandridge,13
Virginia,Troy Daniels,4
Virginia,Mark Davis,1
Virginia,Terry Davis,10
Virginia,Andre Dawkins,1
Virginia,Roy Ebron,1
Virginia,Ray Epps,1
Virginia,Dorian Finney-Smith,1
Virginia,William Franklin,3
Virginia,Justin Harper,2
Virginia,Gerald Henderson,13
Virginia,Allen Iverson*,14
Virginia,Michael Jackson,3
Virginia,Keith Jennings,3
Virginia,Jerome Kersey,17
Virginia,John Kuester,3
Virginia,Jeremy Lamb,5
Virginia,Meyers Leonard,5
Virginia,George Lynch,12
Virginia,Vernon Macklin,1
Virginia,Moses Malone*,21
Virginia,Kendall Marshall,4
Virginia,Tony Massenburg,13
Virginia,James Michael McAdoo,3
Virginia,Guy Morgan,1
Virginia,Isaiah Morris,1
Virginia,Alonzo Mourning*,15
Virginia,Johnny Newman,16
Virginia,Jim O'Brien,2
Virginia,David Pope,2
Virginia,Paul Pressey,11
Virginia,J.R. Reid,11
Virginia,Ralph Sampson*,9
Virginia,Mike Scott,5
Virginia,Ed Sherod,1
Virginia,Joe Smith,16
Virginia,Rory Sparrow,12
Virginia,Bryant Stith,10
Virginia,Julyan Stone,3
Virginia,Lamont Strothers,2
Virginia,Skeeter Swift,5
Virginia,Linton Townes,3
Virginia,Ronnie Valentine,1
Virginia,Jarvis Varnado,2
Virginia,Jamie Waller,1
Virginia,Wilson Washington,2
Virginia,Briante Weber,1
Virginia,Mark West,17
Virginia,Monty Williams,9
Virginia,Reggie Williams,7
Virginia,Troy Williams,1
Virginia,Othell Wilson,2
Virginia,Ricky Wilson,1
Washingon,Byron Beck,10
Washingon,Avery Bradley,7
Washingon,Jon Brockman,3
Washingon,Aaron Brooks,9
Washingon,Kevin Burleson,1
Washingon,Mike Champion,1
Washingon,Doug Christie,15
Washingon,John Coker,3
Washingon,Jamal Crawford,17
Washingon,James Edwards,19
Washingon,Richie Frahm,4
Washingon,Bernie Fryer,2
Washingon,Joe Harris,3
Washingon,Spencer Hawes,10
Washingon,Steve Hawes,10
Washingon,Mark Hendrickson,4
Washingon,Mike Holton,6
Washingon,George Irvine,6
Washingon,Cory Jefferson,2
Washingon,Zach LaVine,3
Washingon,Rich Manning,2
Washingon,Paul Mokeski,12
Washingon,Darren Morningstar,1
Washingon,Dejounte Murray,1
Washingon,Brian Quinnett,3
Washingon,Mark Radford,2
Washingon,Blair Rasmussen,8
Washingon,Clint Richardson,8
Washingon,Nate Robinson,11
Washingon,Brandon Roy,6
Washingon,Dale Schlueter,10
Washingon,Peyton Siva,1
Washingon,David Stockton,1
Washingon,John Stockton*,19
Washingon,John Stroeder,2
Washingon,Rodney Stuckey,10
Washingon,Jason Terry,18
Washingon,Isaiah Thomas,6
Washingon,Bryan Warrick,4
Washingon,Martell Webster,10
Washingon,Marcus Williams,2
Washingon,Marvin Williams,12
Washingon,Milt Williams,4
Washingon,Terrence Williams,4
Washingon,David Wood,7
Washingon,Tony Wroten,4
Washingon,Phil Zevenbergen,1
West Virginia,Mike D'Antoni,4
West Virginia,Gary Gregor,6
West Virginia,Dave Jamerson,3
West Virginia,Dwayne Jones,5
West Virginia,Earl Jones,2
West Virginia,Freddie Lewis,11
West Virginia,O.J. Mayo,8
West Virginia,Kevin Salvadori,2
West Virginia,Tamar Slay,3
West Virginia,Henry Walker,5
West Virginia,Deron Williams,12
West Virginia,Jason Williams,12
Wisconsin,Tony Bennett,3
Wisconsin,Vander Blue,2
Wisconsin,Fred Brown,13
Wisconsin,Rodney Buford,5
Wisconsin,Caron Butler,14
Wisconsin,Dwight Buycks,2
Wisconsin,Anthony Carter,13
Wisconsin,Jim Chones,10
Wisconsin,Sam Dekker,2
Wisconsin,Travis Diener,5
Wisconsin,Patrick Eddie,1
Wisconsin,Henry Ellenson,1
Wisconsin,Reece Gaines,3
Wisconsin,Diante Garrett,2
Wisconsin,Steve Green,4
Wisconsin,Jay Guidinger,2
Wisconsin,Devin Harris,13
Wisconsin,Mark Jones,1
Wisconsin,Wayne Kreklow,1
Wisconsin,Carl Landry,9
Wisconsin,Marcus Landry,1
Wisconsin,Steve Lingenfelter,2
Wisconsin,Kevon Looney,2
Wisconsin,Ray McCallum,3
Wisconsin,Jim McIlvaine,7
Wisconsin,John Mengelt,10
Wisconsin,Chris Mihm,8
Wisconsin,Dick Miller,1
Wisconsin,Tony Mitchell,1
Wisconsin,Kurt Nimphius,8
Wisconsin,Terry Porter,17
Wisconsin,Alex Scales,1
Wisconsin,Jerry Smith,1
Wisconsin,Tony Smith,9
Wisconsin,Latrell Sprewell,13
Wisconsin,Greg Stiemsma,4
Wisconsin,Diamond Stone,1
Wisconsin,Nick Van Exel,13
Wisconsin,Logan Vander Velden,1
Wisconsin,Kyle Weaver,3
Wisconsin,Mike Wilks,7
Wisconsin,Joe Wolf,11
Wyoming,James Johnson,8
Connecticut,Michael Adams,11
Connecticut,Chuck Aleksinas,1
Connecticut,Courtney Alexander,3
Connecticut,John Bagley,11
Connecticut,Scott Burrell,8
Connecticut,Marcus Camby,17
Connecticut,Keith Closs,3
Connecticut,Chris Dudley,16
Connecticut,Kris Dunn,1
Connecticut,John Garris,1
Connecticut,Michael Gbinije,1
Connecticut,Mike Gminski,14
Connecticut,Ryan Gomes,8
Connecticut,Jim Johnstone,1
Connecticut,Bruce Kuczenski,1
Connecticut,Rick Mahorn,18
Connecticut,Tharon Mayes,1
Connecticut,Calvin Murphy*,13
Connecticut,Jay Murphy,4
Connecticut,Bob Nash,5
Connecticut,John Pinone,1
Connecticut,Charles Smith,9
Connecticut,Chris Smith,3
Connecticut,Will Solomon,2
Connecticut,Greg Stokes,2
Connecticut,Corny Thompson,1
Connecticut,Tyson Wheeler,1
Connecticut,Jordan Williams,1
Connecticut,Sly Williams,7
Connecticut,John Williamson,8
